Workbook

Sheet Data
B1: =IF(B2<>"",COLUMN(B2),"") -> 2 | C1: =IF(C2<>"",COLUMN(C2),"") -> 3 | D1: =IF(D2<>"",COLUMN(D2),"") -> 4 | E1: =IF(E2<>"",COLUMN(E2),"") -> 5 | F1: =IF(F2<>"",COLUMN(F2),"") -> 6 | G1: =IF(G2<>"",COLUMN(G2),"") -> 7 | H1: =IF(H2<>"",COLUMN(H2),"") -> 8 | I1: =IF(I2<>"",COLUMN(I2),"") -> 9 | ... X1: =IF(X2<>"",COLUMN(X2),"") -> 24
A2: Bilanço | B2: 2025/9 | C2: 2025/6 | D2: 2025/3 | E2: 2024/12 | F2: 2024/9 | G2: 2024/6 | H2: 2024/3 | I2: 2023/12 | J2: 2023/9 | K2: 2023/6 | L2: 2023/3 | M2: 2022/12 | N2: 2022/9 | O2: 2022/6 | P2: 2022/3 | Q2: 2021/12 | R2: 2021/9 | S2: 2021/6 | T2: 2021/3 | U2: 2020/12 | V2: 2020/9 | W2: 2020/6 | X2: 2020/3
A3: Dönen Varlıklar | B3: 90083589000 | C3: 84668198000 | D3: 77284896000 | E3: 81667657435 | F3: 58862926000 | G3: 47885764000 | H3: 43524184000 | I3: 53401735000 | J3: 31285963000 | K3: 29099280000 | L3: 28508097000 | M3: 41773214000 | N3: 25073546000 | O3: 22487525000 | P3: 20954562000 | Q3: 18764940000 | R3: 13852909000 | S3: 15405235000 | T3: 15365396000 | U3: 14701119000 | V3: 11927735000 | W3: 10298815000 | X3: 9224526000
A4: Nakit ve Nakit Benzerleri | B4: 29570256000 | C4: 27391388000 | D4: 23936928000 | E4: 32998196584 | F4: 23329331000 | G4: 16724845000 | H4: 12662493000 | I4: 16830554000 | J4: 9682950000 | K4: 8758014000 | L4: 9861492000 | M4: 15249460000 | N4: 3765411000 | O4: 3324052000 | P4: 2985113000 | Q4: 3004834000 | R4: 2862609000 | S4: 2762136000 | T4: 3367634000 | U4: 3835520000 | V4: 3532368000 | W4: 2956000000 | X4: 1219355000
A5: Finansal Yatırımlar | B5: 6245000 | C5: 6021000 | D5: 5768000 | E5: 6827132 | F5: 4825000 | G5: 4664000 | H5: 4594000 | I5: 6107000 | J5: 3565000 | K5: 3957000 | L5: 3200000 | M5: 346842000 | N5: 5721346000 | O5: 6366126000 | P5: 6345108000 | Q5: 6414869000 | R5: 4277960000 | S5: 6005890000 | T5: 5597490000 | U5: 3639474000 | V5: 2374641000 | W5: 3605728000 | X5: 3820230000
A6: Ticari Alacaklar | B6: 29618330000 | C6: 26522023000 | D6: 27378948000 | E6: 27468684631 | F6: 18441357000 | G6: 15131201000 | H6: 16356844000 | I6: 17421913000 | J6: 10893157000 | K6: 9892760000 | L6: 9524879000 | M6: 12173983000 | N6: 7042688000 | O6: 5789621000 | P6: 5856073000 | Q6: 4687911000 | R6: 3642113000 | S6: 3284920000 | T6: 3256697000 | U6: 3092000000 | V6: 2889558000 | W6: 2577242000 | X6: 2726899000
A7: Finans Sektörü Faaliyetlerinden Alacaklar | B7: 0 | C7: 0 | D7: 0 | E7: 0 | F7: 0 | G7: 0 | H7: 0 | I7: 0 | J7: 0 | K7: 0 | L7: 0 | M7: 0 | N7: 0 | O7: 0 | P7: 0 | Q7: 0 | R7: 0 | S7: 0 | T7: 0 | U7: 0 | V7: 0 | W7: 0 | X7: 0
A8: Diğer Alacaklar | B8: 2530647000 | C8: 2651416000 | D8: 2996655000 | E8: 3328891227 | F8: 2518982000 | G8: 2353734000 | H8: 2862491000 | I8: 3124601000 | J8: 2346415000 | K8: 2126914000 | L8: 1755461000 | M8: 2566503000 | N8: 1399047000 | O8: 1190109000 | P8: 948909000 | Q8: 614402000 | R8: 609152000 | S8: 2137532000 | T8: 1974940000 | U8: 2214736000 | V8: 1870764000 | W8: 158926000 | X8: 180177000
A9: Müşteri Sözleşmelerinden Doğan Varlıklar | B9: 0 | C9: 0 | D9: 0 | E9: 0 | F9: 0 | G9: 0 | H9: 0 | I9: 0 | J9: 0 | K9: 0 | L9: 0 | M9: 0 | N9: 0 | O9: 0 | P9: 0 | Q9: 0 | R9: 0 | S9: 0 | T9: 0 | U9: 0 | V9: 0 | W9: 0 | X9: 0
A10: Stoklar | B10: 23046205000 | C10: 23571112000 | D10: 19099042000 | E10: 14839141804 | F10: 10998733000 | G10: 10414885000 | H10: 8999055000 | I10: 12115210000 | J10: 6664345000 | K10: 6555159000 | L10: 5520627000 | M10: 8516384000 | N10: 5402135000 | O10: 4279769000 | P10: 3744893000 | Q10: 3218231000 | R10: 2028702000 | S10: 961339000 | T10: 928950000 | U10: 1695858000 | V10: 897909000 | W10: 804703000 | X10: 671929000
A11: Canlı Varlıklar | B11: 0 | C11: 0 | D11: 0 | E11: 0 | F11: 0 | G11: 0 | H11: 0 | I11: 0 | J11: 0 | K11: 0 | L11: 0 | M11: 0 | N11: 0 | O11: 0 | P11: 0 | Q11: 0 | R11: 0 | S11: 0 | T11: 0 | U11: 0 | V11: 0 | W11: 0 | X11: 0
A12: Diğer Dönen Varlıklar | B12: 5311906000 | C12: 4526238000 | D12: 3867555000 | E12: 3025916057 | F12: 3569698000 | G12: 3256435000 | H12: 2638707000 | I12: 3903350000 | J12: 1695531000 | K12: 1762476000 | L12: 1842438000 | M12: 2920042000 | N12: 1742919000 | O12: 1537848000 | P12: 1074466000 | Q12: 824693000 | R12: 432373000 | S12: 253418000 | T12: 239685000 | U12: 223531000 | V12: 362495000 | W12: 196216000 | X12: 605936000
A13: (Ara Toplam) | B13: 90083589000 | C13: 84668198000 | D13: 77284896000 | E13: 81667657435 | F13: 58862926000 | G13: 47885764000 | H13: 43524184000 | I13: 53401735000 | J13: 31285963000 | K13: 29099280000 | L13: 28508097000 | M13: 41773214000 | N13: 25073546000 | O13: 22487525000 | P13: 20954562000 | Q13: 18764940000 | R13: 13852909000 | S13: 15405235000 | T13: 15365396000 | U13: 14701119000 | V13: 11927735000 | W13: 10298815000 | X13: 9224526000
A14: Satış Amacıyla Elde Tutulan Duran Varlıklar | B14: 0 | C14: 0 | D14: 0 | E14: 0 | F14: 0 | G14: 0 | H14: 0 | I14: 0 | J14: 0 | K14: 0 | L14: 0 | M14: 0 | N14: 0 | O14: 0 | P14: 0 | Q14: 0 | R14: 0 | S14: 0 | T14: 0 | U14: 0 | V14: 0 | W14: 0 | X14: 0
... A149: Dönem Sonu Nakit | B149: 29570256000 | C149: 27391388000 | D149: 23936928000 | E149: 32998196584 | F149: 31096601000 | G149: 22586679000 | H149: 17487388000 | I149: 16830554000 | J149: 14464874000 | K149: 15028503000 | L149: 16616158000 | M149: 15249460000 | N149: 3765411000 | O149: 3324052000 | P149: 2985113000 | Q149: 3004834000 | R149: 2862609000 | S149: 3049937000 | T149: 3394555000 | U149: 3835520000 | V149: 3538025000 | W149: 2956000000 | X149: 1219355000

Sheet Bilanço
B1: =COUNT(Data!$1:$1)+1 -> 24 | C1: =($B$1+1)-COLUMN(B1) -> 23 | D1: =($B$1+1)-COLUMN(C1) -> 22 | E1: =($B$1+1)-COLUMN(D1) -> 21 | F1: =($B$1+1)-COLUMN(E1) -> 20 | G1: =($B$1+1)-COLUMN(F1) -> 19 | H1: =($B$1+1)-COLUMN(G1) -> 18 | I1: =($B$1+1)-COLUMN(H1) -> 17 | J1: =($B$1+1)-COLUMN(I1) -> 16 | ... Y1: =($B$1+1)-COLUMN(X1) -> 1
A2: =Data!A2 -> Bilanço | B2: =IFERROR(HLOOKUP(B$1,Data!$1:$149,ROW(Bilanço!$A2),0),"") -> 2020/3 | C2: =IFERROR(HLOOKUP(C$1,Data!$1:$149,ROW(Bilanço!$A2),0),"") -> 2020/6 | D2: =IFERROR(HLOOKUP(D$1,Data!$1:$149,ROW(Bilanço!$A2),0),"") -> 2020/9 | E2: =IFERROR(HLOOKUP(E$1,Data!$1:$149,ROW(Bilanço!$A2),0),"") -> 2020/12 | F2: =IFERROR(HLOOKUP(F$1,Data!$1:$149,ROW(Bilanço!$A2),0),"") -> 2021/3 | G2: =IFERROR(HLOOKUP(G$1,Data!$1:$149,ROW(Bilanço!$A2),0),"") -> 2021/6 | H2: =IFERROR(HLOOKUP(H$1,Data!$1:$149,ROW(Bilanço!$A2),0),"") -> 2021/9 | I2: =IFERROR(HLOOKUP(I$1,Data!$1:$149,ROW(Bilanço!$A2),0),"") -> 2021/12 | ... X2: =IFERROR(HLOOKUP(X$1,Data!$1:$149,ROW(Bilanço!$A2),0),"") -> 2025/9
A3: =Data!A3 -> Dönen Varlıklar | B3: =IFERROR(HLOOKUP(B$1,Data!$1:$149,ROW(Bilanço!$A3),0),"") -> 9224526000 | C3: =IFERROR(HLOOKUP(C$1,Data!$1:$149,ROW(Bilanço!$A3),0),"") -> 10298815000 | D3: =IFERROR(HLOOKUP(D$1,Data!$1:$149,ROW(Bilanço!$A3),0),"") -> 11927735000 | E3: =IFERROR(HLOOKUP(E$1,Data!$1:$149,ROW(Bilanço!$A3),0),"") -> 14701119000 | F3: =IFERROR(HLOOKUP(F$1,Data!$1:$149,ROW(Bilanço!$A3),0),"") -> 15365396000 | G3: =IFERROR(HLOOKUP(G$1,Data!$1:$149,ROW(Bilanço!$A3),0),"") -> 15405235000 | H3: =IFERROR(HLOOKUP(H$1,Data!$1:$149,ROW(Bilanço!$A3),0),"") -> 13852909000 | I3: =IFERROR(HLOOKUP(I$1,Data!$1:$149,ROW(Bilanço!$A3),0),"") -> 18764940000 | ... X3: =IFERROR(HLOOKUP(X$1,Data!$1:$149,ROW(Bilanço!$A3),0),"") -> 90083589000
A4: =Data!A4 -> Nakit ve Nakit Benzerleri | B4: =IFERROR(HLOOKUP(B$1,Data!$1:$149,ROW(Bilanço!$A4),0),"") -> 1219355000 | C4: =IFERROR(HLOOKUP(C$1,Data!$1:$149,ROW(Bilanço!$A4),0),"") -> 2956000000 | D4: =IFERROR(HLOOKUP(D$1,Data!$1:$149,ROW(Bilanço!$A4),0),"") -> 3532368000 | E4: =IFERROR(HLOOKUP(E$1,Data!$1:$149,ROW(Bilanço!$A4),0),"") -> 3835520000 | F4: =IFERROR(HLOOKUP(F$1,Data!$1:$149,ROW(Bilanço!$A4),0),"") -> 3367634000 | G4: =IFERROR(HLOOKUP(G$1,Data!$1:$149,ROW(Bilanço!$A4),0),"") -> 2762136000 | H4: =IFERROR(HLOOKUP(H$1,Data!$1:$149,ROW(Bilanço!$A4),0),"") -> 2862609000 | I4: =IFERROR(HLOOKUP(I$1,Data!$1:$149,ROW(Bilanço!$A4),0),"") -> 3004834000 | ... X4: =IFERROR(HLOOKUP(X$1,Data!$1:$149,ROW(Bilanço!$A4),0),"") -> 29570256000
A5: =Data!A5 -> Finansal Yatırımlar | B5: =IFERROR(HLOOKUP(B$1,Data!$1:$149,ROW(Bilanço!$A5),0),"") -> 3820230000 | C5: =IFERROR(HLOOKUP(C$1,Data!$1:$149,ROW(Bilanço!$A5),0),"") -> 3605728000 | D5: =IFERROR(HLOOKUP(D$1,Data!$1:$149,ROW(Bilanço!$A5),0),"") -> 2374641000 | E5: =IFERROR(HLOOKUP(E$1,Data!$1:$149,ROW(Bilanço!$A5),0),"") -> 3639474000 | F5: =IFERROR(HLOOKUP(F$1,Data!$1:$149,ROW(Bilanço!$A5),0),"") -> 5597490000 | G5: =IFERROR(HLOOKUP(G$1,Data!$1:$149,ROW(Bilanço!$A5),0),"") -> 6005890000 | H5: =IFERROR(HLOOKUP(H$1,Data!$1:$149,ROW(Bilanço!$A5),0),"") -> 4277960000 | I5: =IFERROR(HLOOKUP(I$1,Data!$1:$149,ROW(Bilanço!$A5),0),"") -> 6414869000 | ... X5: =IFERROR(HLOOKUP(X$1,Data!$1:$149,ROW(Bilanço!$A5),0),"") -> 6245000
A6: =Data!A6 -> Ticari Alacaklar | B6: =IFERROR(HLOOKUP(B$1,Data!$1:$149,ROW(Bilanço!$A6),0),"") -> 2726899000 | C6: =IFERROR(HLOOKUP(C$1,Data!$1:$149,ROW(Bilanço!$A6),0),"") -> 2577242000 | D6: =IFERROR(HLOOKUP(D$1,Data!$1:$149,ROW(Bilanço!$A6),0),"") -> 2889558000 | E6: =IFERROR(HLOOKUP(E$1,Data!$1:$149,ROW(Bilanço!$A6),0),"") -> 3092000000 | F6: =IFERROR(HLOOKUP(F$1,Data!$1:$149,ROW(Bilanço!$A6),0),"") -> 3256697000 | G6: =IFERROR(HLOOKUP(G$1,Data!$1:$149,ROW(Bilanço!$A6),0),"") -> 3284920000 | H6: =IFERROR(HLOOKUP(H$1,Data!$1:$149,ROW(Bilanço!$A6),0),"") -> 3642113000 | I6: =IFERROR(HLOOKUP(I$1,Data!$1:$149,ROW(Bilanço!$A6),0),"") -> 4687911000 | ... X6: =IFERROR(HLOOKUP(X$1,Data!$1:$149,ROW(Bilanço!$A6),0),"") -> 29618330000
A7: =Data!A7 -> Finans Sektörü Faaliyetlerinden Alacaklar | B7: =IFERROR(HLOOKUP(B$1,Data!$1:$149,ROW(Bilanço!$A7),0),"") -> 0 | C7: =IFERROR(HLOOKUP(C$1,Data!$1:$149,ROW(Bilanço!$A7),0),"") -> 0 | D7: =IFERROR(HLOOKUP(D$1,Data!$1:$149,ROW(Bilanço!$A7),0),"") -> 0 | E7: =IFERROR(HLOOKUP(E$1,Data!$1:$149,ROW(Bilanço!$A7),0),"") -> 0 | F7: =IFERROR(HLOOKUP(F$1,Data!$1:$149,ROW(Bilanço!$A7),0),"") -> 0 | G7: =IFERROR(HLOOKUP(G$1,Data!$1:$149,ROW(Bilanço!$A7),0),"") -> 0 | H7: =IFERROR(HLOOKUP(H$1,Data!$1:$149,ROW(Bilanço!$A7),0),"") -> 0 | I7: =IFERROR(HLOOKUP(I$1,Data!$1:$149,ROW(Bilanço!$A7),0),"") -> 0 | ... X7: =IFERROR(HLOOKUP(X$1,Data!$1:$149,ROW(Bilanço!$A7),0),"") -> 0
A8: =Data!A8 -> Diğer Alacaklar | B8: =IFERROR(HLOOKUP(B$1,Data!$1:$149,ROW(Bilanço!$A8),0),"") -> 180177000 | C8: =IFERROR(HLOOKUP(C$1,Data!$1:$149,ROW(Bilanço!$A8),0),"") -> 158926000 | D8: =IFERROR(HLOOKUP(D$1,Data!$1:$149,ROW(Bilanço!$A8),0),"") -> 1870764000 | E8: =IFERROR(HLOOKUP(E$1,Data!$1:$149,ROW(Bilanço!$A8),0),"") -> 2214736000 | F8: =IFERROR(HLOOKUP(F$1,Data!$1:$149,ROW(Bilanço!$A8),0),"") -> 1974940000 | G8: =IFERROR(HLOOKUP(G$1,Data!$1:$149,ROW(Bilanço!$A8),0),"") -> 2137532000 | H8: =IFERROR(HLOOKUP(H$1,Data!$1:$149,ROW(Bilanço!$A8),0),"") -> 609152000 | I8: =IFERROR(HLOOKUP(I$1,Data!$1:$149,ROW(Bilanço!$A8),0),"") -> 614402000 | ... X8: =IFERROR(HLOOKUP(X$1,Data!$1:$149,ROW(Bilanço!$A8),0),"") -> 2530647000
A9: =Data!A9 -> Müşteri Sözleşmelerinden Doğan Varlıklar | B9: =IFERROR(HLOOKUP(B$1,Data!$1:$149,ROW(Bilanço!$A9),0),"") -> 0 | C9: =IFERROR(HLOOKUP(C$1,Data!$1:$149,ROW(Bilanço!$A9),0),"") -> 0 | D9: =IFERROR(HLOOKUP(D$1,Data!$1:$149,ROW(Bilanço!$A9),0),"") -> 0 | E9: =IFERROR(HLOOKUP(E$1,Data!$1:$149,ROW(Bilanço!$A9),0),"") -> 0 | F9: =IFERROR(HLOOKUP(F$1,Data!$1:$149,ROW(Bilanço!$A9),0),"") -> 0 | G9: =IFERROR(HLOOKUP(G$1,Data!$1:$149,ROW(Bilanço!$A9),0),"") -> 0 | H9: =IFERROR(HLOOKUP(H$1,Data!$1:$149,ROW(Bilanço!$A9),0),"") -> 0 | I9: =IFERROR(HLOOKUP(I$1,Data!$1:$149,ROW(Bilanço!$A9),0),"") -> 0 | ... X9: =IFERROR(HLOOKUP(X$1,Data!$1:$149,ROW(Bilanço!$A9),0),"") -> 0
A10: =Data!A10 -> Stoklar | B10: =IFERROR(HLOOKUP(B$1,Data!$1:$149,ROW(Bilanço!$A10),0),"") -> 671929000 | C10: =IFERROR(HLOOKUP(C$1,Data!$1:$149,ROW(Bilanço!$A10),0),"") -> 804703000 | D10: =IFERROR(HLOOKUP(D$1,Data!$1:$149,ROW(Bilanço!$A10),0),"") -> 897909000 | E10: =IFERROR(HLOOKUP(E$1,Data!$1:$149,ROW(Bilanço!$A10),0),"") -> 1695858000 | F10: =IFERROR(HLOOKUP(F$1,Data!$1:$149,ROW(Bilanço!$A10),0),"") -> 928950000 | G10: =IFERROR(HLOOKUP(G$1,Data!$1:$149,ROW(Bilanço!$A10),0),"") -> 961339000 | H10: =IFERROR(HLOOKUP(H$1,Data!$1:$149,ROW(Bilanço!$A10),0),"") -> 2028702000 | I10: =IFERROR(HLOOKUP(I$1,Data!$1:$149,ROW(Bilanço!$A10),0),"") -> 3218231000 | ... X10: =IFERROR(HLOOKUP(X$1,Data!$1:$149,ROW(Bilanço!$A10),0),"") -> 23046205000
A11: =Data!A11 -> Canlı Varlıklar | B11: =IFERROR(HLOOKUP(B$1,Data!$1:$149,ROW(Bilanço!$A11),0),"") -> 0 | C11: =IFERROR(HLOOKUP(C$1,Data!$1:$149,ROW(Bilanço!$A11),0),"") -> 0 | D11: =IFERROR(HLOOKUP(D$1,Data!$1:$149,ROW(Bilanço!$A11),0),"") -> 0 | E11: =IFERROR(HLOOKUP(E$1,Data!$1:$149,ROW(Bilanço!$A11),0),"") -> 0 | F11: =IFERROR(HLOOKUP(F$1,Data!$1:$149,ROW(Bilanço!$A11),0),"") -> 0 | G11: =IFERROR(HLOOKUP(G$1,Data!$1:$149,ROW(Bilanço!$A11),0),"") -> 0 | H11: =IFERROR(HLOOKUP(H$1,Data!$1:$149,ROW(Bilanço!$A11),0),"") -> 0 | I11: =IFERROR(HLOOKUP(I$1,Data!$1:$149,ROW(Bilanço!$A11),0),"") -> 0 | ... X11: =IFERROR(HLOOKUP(X$1,Data!$1:$149,ROW(Bilanço!$A11),0),"") -> 0
A12: =Data!A12 -> Diğer Dönen Varlıklar | B12: =IFERROR(HLOOKUP(B$1,Data!$1:$149,ROW(Bilanço!$A12),0),"") -> 605936000 | C12: =IFERROR(HLOOKUP(C$1,Data!$1:$149,ROW(Bilanço!$A12),0),"") -> 196216000 | D12: =IFERROR(HLOOKUP(D$1,Data!$1:$149,ROW(Bilanço!$A12),0),"") -> 362495000 | E12: =IFERROR(HLOOKUP(E$1,Data!$1:$149,ROW(Bilanço!$A12),0),"") -> 223531000 | F12: =IFERROR(HLOOKUP(F$1,Data!$1:$149,ROW(Bilanço!$A12),0),"") -> 239685000 | G12: =IFERROR(HLOOKUP(G$1,Data!$1:$149,ROW(Bilanço!$A12),0),"") -> 253418000 | H12: =IFERROR(HLOOKUP(H$1,Data!$1:$149,ROW(Bilanço!$A12),0),"") -> 432373000 | I12: =IFERROR(HLOOKUP(I$1,Data!$1:$149,ROW(Bilanço!$A12),0),"") -> 824693000 | ... X12: =IFERROR(HLOOKUP(X$1,Data!$1:$149,ROW(Bilanço!$A12),0),"") -> 5311906000
A13: =Data!A13 -> (Ara Toplam) | B13: =IFERROR(HLOOKUP(B$1,Data!$1:$149,ROW(Bilanço!$A13),0),"") -> 9224526000 | C13: =IFERROR(HLOOKUP(C$1,Data!$1:$149,ROW(Bilanço!$A13),0),"") -> 10298815000 | D13: =IFERROR(HLOOKUP(D$1,Data!$1:$149,ROW(Bilanço!$A13),0),"") -> 11927735000 | E13: =IFERROR(HLOOKUP(E$1,Data!$1:$149,ROW(Bilanço!$A13),0),"") -> 14701119000 | F13: =IFERROR(HLOOKUP(F$1,Data!$1:$149,ROW(Bilanço!$A13),0),"") -> 15365396000 | G13: =IFERROR(HLOOKUP(G$1,Data!$1:$149,ROW(Bilanço!$A13),0),"") -> 15405235000 | H13: =IFERROR(HLOOKUP(H$1,Data!$1:$149,ROW(Bilanço!$A13),0),"") -> 13852909000 | I13: =IFERROR(HLOOKUP(I$1,Data!$1:$149,ROW(Bilanço!$A13),0),"") -> 18764940000 | ... X13: =IFERROR(HLOOKUP(X$1,Data!$1:$149,ROW(Bilanço!$A13),0),"") -> 90083589000
... A149: =Data!A149 -> Dönem Sonu Nakit | B149: =IFERROR(HLOOKUP(B$1,Data!$1:$149,ROW(Bilanço!$A149),0),"") -> 1219355000 | C149: =IFERROR(HLOOKUP(C$1,Data!$1:$149,ROW(Bilanço!$A149),0),"") -> 2956000000 | D149: =IFERROR(HLOOKUP(D$1,Data!$1:$149,ROW(Bilanço!$A149),0),"") -> 3538025000 | E149: =IFERROR(HLOOKUP(E$1,Data!$1:$149,ROW(Bilanço!$A149),0),"") -> 3835520000 | F149: =IFERROR(HLOOKUP(F$1,Data!$1:$149,ROW(Bilanço!$A149),0),"") -> 3394555000 | G149: =IFERROR(HLOOKUP(G$1,Data!$1:$149,ROW(Bilanço!$A149),0),"") -> 3049937000 | H149: =IFERROR(HLOOKUP(H$1,Data!$1:$149,ROW(Bilanço!$A149),0),"") -> 2862609000 | I149: =IFERROR(HLOOKUP(I$1,Data!$1:$149,ROW(Bilanço!$A149),0),"") -> 3004834000 | ... X149: =IFERROR(HLOOKUP(X$1,Data!$1:$149,ROW(Bilanço!$A149),0),"") -> 29570256000
A150: FAVÖK | B150: =IFERROR(B83+(B84+B85+B86)+B116,"") -> 415167000 | C150: =IFERROR(C83+(C84+C85+C86)+C116,"") -> 794946000 | D150: =IFERROR(D83+(D84+D85+D86)+D116,"") -> 1374511000 | E150: =IFERROR(E83+(E84+E85+E86)+E116,"") -> 1922060000 | F150: =IFERROR(F83+(F84+F85+F86)+F116,"") -> 546384000 | G150: =IFERROR(G83+(G84+G85+G86)+G116,"") -> 993008000 | H150: =IFERROR(H83+(H84+H85+H86)+H116,"") -> 1495751000 | I150: =IFERROR(I83+(I84+I85+I86)+I116,"") -> 2328359000 | ... X150: =IFERROR(X83+(X84+X85+X86)+X116,"") -> 14382507000
A151: HBK | B151: =IFERROR(B111/B62,"") -> -0.28740351 | C151: =IFERROR(C111/C62,"") -> 1.187576 | D151: =IFERROR(D111/D62,"") -> 1.9927865 | E151: =IFERROR(E111/E62,"") -> 3.1619708 | F151: =IFERROR(F111/F62,"") -> 1.2606637 | G151: =IFERROR(G111/G62,"") -> 1.9070088 | H151: =IFERROR(H111/H62,"") -> 1.914193 | I151: =IFERROR(I111/I62,"") -> -1.3576959 | ... X151: =IFERROR(X111/X62,"") -> 12.439249
C152: =RIGHT(C153,2) -> /6 | F152: =RIGHT(F153,2) -> /3 | X152: =IFERROR(HLOOKUP(X$1,Data!$1:$149,ROW(Bilanço!$A152),0),"")
A153: Net İşletme Sermayesi Analizi | B153: =B2 -> 2020/3 | C153: =C2 -> 2020/6 | D153: =D2 -> 2020/9 | E153: =E2 -> 2020/12 | F153: =F2 -> 2021/3 | G153: =G2 -> 2021/6 | H153: =H2 -> 2021/9 | I153: =I2 -> 2021/12 | ... X153: =X2 -> 2025/9
A154: Ortalama Ticari Alacaklar | F154: =AVERAGE($E$6,F6) -> 3174348500 | G154: =AVERAGE($E$6,G6) -> 3188460000 | H154: =AVERAGE($E$6,H6) -> 3367056500 | I154: =AVERAGE($E$6,I6) -> 3889955500 | J154: =AVERAGE($I$6,J6) -> 5271992000 | K154: =AVERAGE($I$6,K6) -> 5238766000 | L154: =AVERAGE($I$6,L6) -> 5865299500 | M154: =AVERAGE($I$6,M6) -> 8430947000 | N154: =AVERAGE($M$6,N6) -> 10849431000 | O154: =AVERAGE($M$6,O6) -> 11033371500 | P154: =AVERAGE($M$6,P6) -> 11533570000 | Q154: =AVERAGE($M$6,Q6) -> 14797948000 | R154: =AVERAGE($Q$6,R6) -> 16889378500 | S154: =AVERAGE($Q$6,S6) -> 16276557000 | T154: =AVERAGE($Q$6,T6) -> 17931635000 | U154: =AVERAGE($Q$6,U6) -> 2.2445299e+10 | V154: =AVERAGE($U$6,V6) -> 2.7423816e+10 | W154: =AVERAGE($U$6,W6) -> 2.6995354e+10 | X154: =AVERAGE($U$6,X6) -> 2.8543507e+10
A155: KDV Oranı | F155: 0.2 | G155: 0.2 | H155: 0.2 | I155: 0.2 | J155: 0.2 | K155: 0.2 | L155: 0.2 | M155: 0.2 | N155: 0.2 | O155: 0.2 | P155: 0.2 | Q155: 0.2 | R155: 0.2 | S155: 0.2 | T155: 0.2 | U155: 0.2 | V155: 0.2 | W155: 0.2 | X155: 0.2
A156: KDV Hariç Ortalama Ticari Alacak | F156: =F154/(1+F155) -> 2.6452904e+09 | G156: =G154/(1+G155) -> 2657050000 | H156: =H154/(1+H155) -> 2.8058804e+09 | I156: =I154/(1+I155) -> 3.2416296e+09 | J156: =J154/(1+J155) -> 4.3933267e+09 | K156: =K154/(1+K155) -> 4.3656383e+09 | L156: =L154/(1+L155) -> 4.8877496e+09 | M156: =M154/(1+M155) -> 7.0257892e+09 | ... X156: =X154/(1+X155) -> 2.3786256e+10
A157: Ticari Alacak Devir Hızı | F157: {=IFERROR(F74/F156,0)*_xlfn.IFS(RIGHT(F153,2)="/3",12/3,RIGHT(F153,2)="/6",12/6,RIGHT(F153,2)="/9",12/9,RIGHT(F153,2)="12",1)} -> 4.2093783 | G157: {=IFERROR(G74/G156,0)*_xlfn.IFS(RIGHT(G153,2)="/3",12/3,RIGHT(G153,2)="/6",12/6,RIGHT(G153,2)="/9",12/9,RIGHT(G153,2)="12",1)} -> 4.0968924 | H157: {=IFERROR(H74/H156,0)*_xlfn.IFS(RIGHT(H153,2)="/3",12/3,RIGHT(H153,2)="/6",12/6,RIGHT(H153,2)="/9",12/9,RIGHT(H153,2)="12",1)} -> 4.0006252 | I157: {=IFERROR(I74/I156,0)*_xlfn.IFS(RIGHT(I153,2)="/3",12/3,RIGHT(I153,2)="/6",12/6,RIGHT(I153,2)="/9",12/9,RIGHT(I153,2)="12",1)} -> 3.8675239 | J157: {=IFERROR(J74/J156,0)*_xlfn.IFS(RIGHT(J153,2)="/3",12/3,RIGHT(J153,2)="/6",12/6,RIGHT(J153,2)="/9",12/9,RIGHT(J153,2)="12",1)} -> 5.3590534 | K157: {=IFERROR(K74/K156,0)*_xlfn.IFS(RIGHT(K153,2)="/3",12/3,RIGHT(K153,2)="/6",12/6,RIGHT(K153,2)="/9",12/9,RIGHT(K153,2)="12",1)} -> 5.4411562 | L157: {=IFERROR(L74/L156,0)*_xlfn.IFS(RIGHT(L153,2)="/3",12/3,RIGHT(L153,2)="/6",12/6,RIGHT(L153,2)="/9",12/9,RIGHT(L153,2)="12",1)} -> 5.2318229 | M157: {=IFERROR(M74/M156,0)*_xlfn.IFS(RIGHT(M153,2)="/3",12/3,RIGHT(M153,2)="/6",12/6,RIGHT(M153,2)="/9",12/9,RIGHT(M153,2)="12",1)} -> 7.3986291 | ... X157: {=IFERROR(X74/X156,0)*_xlfn.IFS(RIGHT(X153,2)="/3",12/3,RIGHT(X153,2)="/6",12/6,RIGHT(X153,2)="/9",12/9,RIGHT(X153,2)="12",1)} -> 4.5362843
A158: Ticari Alacak Devir Süresi (Gün) | F158: =IFERROR(365/F157,0) -> 86.711143 | G158: =IFERROR(365/G157,0) -> 89.091917 | H158: =IFERROR(365/H157,0) -> 91.235739 | I158: =IFERROR(365/I157,0) -> 94.375628 | J158: =IFERROR(365/J157,0) -> 68.109044 | K158: =IFERROR(365/K157,0) -> 67.081331 | L158: =IFERROR(365/L157,0) -> 69.765359 | M158: =IFERROR(365/M157,0) -> 49.333464 | ... X158: =IFERROR(365/X157,0) -> 80.462329
A160: Ortalama Stoklar | F160: =AVERAGE($E$10,F10) -> 1312404000 | G160: =AVERAGE($E$10,G10) -> 1328598500 | H160: =AVERAGE($E$10,H10) -> 1862280000 | I160: =AVERAGE($E$10,I10) -> 2457044500 | J160: =AVERAGE($I$10,J10) -> 3481562000 | K160: =AVERAGE($I$10,K10) -> 3749000000 | L160: =AVERAGE($I$10,L10) -> 4310183000 | M160: =AVERAGE($I$10,M10) -> 5867307500 | N160: =AVERAGE($M$10,N10) -> 7018505500 | O160: =AVERAGE($M$10,O10) -> 7535771500 | P160: =AVERAGE($M$10,P10) -> 7590364500 | Q160: =AVERAGE($M$10,Q10) -> 10315797000 | R160: =AVERAGE($Q$10,R10) -> 10557132500 | S160: =AVERAGE($Q$10,S10) -> 11265047500 | T160: =AVERAGE($Q$10,T10) -> 11556971500 | U160: =AVERAGE($Q$10,U10) -> 13477175902 | V160: =AVERAGE($U$10,V10) -> 16969091902 | W160: =AVERAGE($U$10,W10) -> 19205126902 | X160: =AVERAGE($U$10,X10) -> 18942673402
A161: Stok Devir Hızı | F161: {=IFERROR(-F75/F160,0)*_xlfn.IFS(RIGHT(F153,2)="/3",12/3,RIGHT(F153,2)="/6",12/6,RIGHT(F153,2)="/9",12/9,RIGHT(F153,2)="12",1)} -> 5.8561815 | G161: {=IFERROR(-G75/G160,0)*_xlfn.IFS(RIGHT(G153,2)="/3",12/3,RIGHT(G153,2)="/6",12/6,RIGHT(G153,2)="/9",12/9,RIGHT(G153,2)="12",1)} -> 5.8243751 | H161: {=IFERROR(-H75/H160,0)*_xlfn.IFS(RIGHT(H153,2)="/3",12/3,RIGHT(H153,2)="/6",12/6,RIGHT(H153,2)="/9",12/9,RIGHT(H153,2)="12",1)} -> 4.3252193 | I161: {=IFERROR(-I75/I160,0)*_xlfn.IFS(RIGHT(I153,2)="/3",12/3,RIGHT(I153,2)="/6",12/6,RIGHT(I153,2)="/9",12/9,RIGHT(I153,2)="12",1)} -> 3.6322765 | J161: {=IFERROR(-J75/J160,0)*_xlfn.IFS(RIGHT(J153,2)="/3",12/3,RIGHT(J153,2)="/6",12/6,RIGHT(J153,2)="/9",12/9,RIGHT(J153,2)="12",1)} -> 4.6380653 | K161: {=IFERROR(-K75/K160,0)*_xlfn.IFS(RIGHT(K153,2)="/3",12/3,RIGHT(K153,2)="/6",12/6,RIGHT(K153,2)="/9",12/9,RIGHT(K153,2)="12",1)} -> 4.4439904 | L161: {=IFERROR(-L75/L160,0)*_xlfn.IFS(RIGHT(L153,2)="/3",12/3,RIGHT(L153,2)="/6",12/6,RIGHT(L153,2)="/9",12/9,RIGHT(L153,2)="12",1)} -> 4.2105491 | M161: {=IFERROR(-M75/M160,0)*_xlfn.IFS(RIGHT(M153,2)="/3",12/3,RIGHT(M153,2)="/6",12/6,RIGHT(M153,2)="/9",12/9,RIGHT(M153,2)="12",1)} -> 6.9287349 | ... X161: {=IFERROR(-X75/X160,0)*_xlfn.IFS(RIGHT(X153,2)="/3",12/3,RIGHT(X153,2)="/6",12/6,RIGHT(X153,2)="/9",12/9,RIGHT(X153,2)="12",1)} -> 3.9747247
A162: Stok Devir Süresi (Gün) | F162: =IFERROR(365/F161,0) -> 62.327303 | G162: =IFERROR(365/G161,0) -> 62.667667 | H162: =IFERROR(365/H161,0) -> 84.388785 | I162: =IFERROR(365/I161,0) -> 100.48794 | J162: =IFERROR(365/J161,0) -> 78.696606 | K162: =IFERROR(365/K161,0) -> 82.133391 | L162: =IFERROR(365/L161,0) -> 86.68703 | M162: =IFERROR(365/M161,0) -> 52.67917 | ... X162: =IFERROR(365/X161,0) -> 91.830259
A164: Ortalama Ticari Borçlar | F164: =AVERAGE($E$36,F36) -> 1346308000 | G164: =AVERAGE($E$36,G36) -> 1346154500 | H164: =AVERAGE($E$36,H36) -> 1323291000 | I164: =AVERAGE($E$36,I36) -> 1772915500 | J164: =AVERAGE($I$36,J36) -> 2610007500 | K164: =AVERAGE($I$36,K36) -> 2770230000 | L164: =AVERAGE($I$36,L36) -> 3034239000 | M164: =AVERAGE($I$36,M36) -> 4563531000 | N164: =AVERAGE($M$36,N36) -> 5363660500 | O164: =AVERAGE($M$36,O36) -> 5642194000 | P164: =AVERAGE($M$36,P36) -> 6167666500 | Q164: =AVERAGE($M$36,Q36) -> 8940022000 | R164: =AVERAGE($Q$36,R36) -> 8984942000 | S164: =AVERAGE($Q$36,S36) -> 9138154000 | T164: =AVERAGE($Q$36,T36) -> 9027763000 | U164: =AVERAGE($Q$36,U36) -> 1.1951563e+10 | V164: =AVERAGE($U$36,V36) -> 1.1370406e+10 | W164: =AVERAGE($U$36,W36) -> 1.1454714e+10 | X164: =AVERAGE($U$36,X36) -> 1.1302981e+10
A165: KDV Oranı | F165: 0.2 | G165: 0.2 | H165: 0.2 | I165: 0.2 | J165: 0.2 | K165: 0.2 | L165: 0.2 | M165: 0.2 | N165: 0.2 | O165: 0.2 | P165: 0.2 | Q165: 0.2 | R165: 0.2 | S165: 0.2 | T165: 0.2 | U165: 0.2 | V165: 0.2 | W165: 0.2 | X165: 0.2
A166: KDV Hariç Ortalama Ticari Borçlar | F166: =F164/(1+F165) -> 1.1219233e+09 | G166: =G164/(1+G165) -> 1.1217954e+09 | H166: =H164/(1+H165) -> 1102742500 | I166: =I164/(1+I165) -> 1.4774296e+09 | J166: =J164/(1+J165) -> 2175006250 | K166: =K164/(1+K165) -> 2308525000 | L166: =L164/(1+L165) -> 2528532500 | M166: =M164/(1+M165) -> 3802942500 | ... X166: =X164/(1+X165) -> 9.419151e+09
A167: Ticari Borç Devir Hızı | F167: {=IFERROR(-1*(F75+SUM(F84:F86))/F166*_xlfn.IFS(RIGHT(F153,2)="/3",12/3,RIGHT(F153,2)="/6",12/6,RIGHT(F153,2)="/9",12/9,RIGHT(F153,2)="12",1),"")} -> 8.1657808 | G167: {=IFERROR(-1*(G75+SUM(G84:G86))/G166*_xlfn.IFS(RIGHT(G153,2)="/3",12/3,RIGHT(G153,2)="/6",12/6,RIGHT(G153,2)="/9",12/9,RIGHT(G153,2)="12",1),"")} -> 8.1279098 | H167: {=IFERROR(-1*(H75+SUM(H84:H86))/H166*_xlfn.IFS(RIGHT(H153,2)="/3",12/3,RIGHT(H153,2)="/6",12/6,RIGHT(H153,2)="/9",12/9,RIGHT(H153,2)="12",1),"")} -> 8.5746159 | I167: {=IFERROR(-1*(I75+SUM(I84:I86))/I166*_xlfn.IFS(RIGHT(I153,2)="/3",12/3,RIGHT(I153,2)="/6",12/6,RIGHT(I153,2)="/9",12/9,RIGHT(I153,2)="12",1),"")} -> 7.065467 | J167: {=IFERROR(-1*(J75+SUM(J84:J86))/J166*_xlfn.IFS(RIGHT(J153,2)="/3",12/3,RIGHT(J153,2)="/6",12/6,RIGHT(J153,2)="/9",12/9,RIGHT(J153,2)="12",1),"")} -> 8.679438 | K167: {=IFERROR(-1*(K75+SUM(K84:K86))/K166*_xlfn.IFS(RIGHT(K153,2)="/3",12/3,RIGHT(K153,2)="/6",12/6,RIGHT(K153,2)="/9",12/9,RIGHT(K153,2)="12",1),"")} -> 8.3686492 | L167: {=IFERROR(-1*(L75+SUM(L84:L86))/L166*_xlfn.IFS(RIGHT(L153,2)="/3",12/3,RIGHT(L153,2)="/6",12/6,RIGHT(L153,2)="/9",12/9,RIGHT(L153,2)="12",1),"")} -> 8.3297554 | M167: {=IFERROR(-1*(M75+SUM(M84:M86))/M166*_xlfn.IFS(RIGHT(M153,2)="/3",12/3,RIGHT(M153,2)="/6",12/6,RIGHT(M153,2)="/9",12/9,RIGHT(M153,2)="12",1),"")} -> 12.213193 | ... X167: {=IFERROR(-1*(X75+SUM(X84:X86))/X166*_xlfn.IFS(RIGHT(X153,2)="/3",12/3,RIGHT(X153,2)="/6",12/6,RIGHT(X153,2)="/9",12/9,RIGHT(X153,2)="12",1),"")} -> 9.670283
A168: Ticari Borç Devir Süresi (gün) | F168: =IFERROR(365/F167,0) -> 44.698726 | G168: =IFERROR(365/G167,0) -> 44.906994 | H168: =IFERROR(365/H167,0) -> 42.567505 | I168: =IFERROR(365/I167,0) -> 51.659713 | J168: =IFERROR(365/J167,0) -> 42.053414 | K168: =IFERROR(365/K167,0) -> 43.615163 | L168: =IFERROR(365/L167,0) -> 43.818814 | M168: =IFERROR(365/M167,0) -> 29.885714 | ... X168: =IFERROR(365/X167,0) -> 37.7445
A170: Net İşletme Sermayesi İhtiyaç Süresi | F170: =F158+F162-F168 -> 104.33972 | G170: =G158+G162-G168 -> 106.85259 | H170: =H158+H162-H168 -> 133.05702 | I170: =I158+I162-I168 -> 143.20386 | J170: =J158+J162-J168 -> 104.75224 | K170: =K158+K162-K168 -> 105.59956 | L170: =L158+L162-L168 -> 112.63358 | M170: =M158+M162-M168 -> 72.126919 | ... X170: =X158+X162-X168 -> 134.54809
A171: Net İşletme Sermayesi İhtiyacı | F171: {=((-1*(F75+SUM(F84:F86))-F127)*F170/365)*_xlfn.IFS(RIGHT(F153,2)="/3",12/3,RIGHT(F153,2)="/6",12/6,RIGHT(F153,2)="/9",12/9,RIGHT(F153,2)="12",1)} -> 2.5583219e+09 | G171: {=((-1*(G75+SUM(G84:G86))-G127)*G170/365)*_xlfn.IFS(RIGHT(G153,2)="/3",12/3,RIGHT(G153,2)="/6",12/6,RIGHT(G153,2)="/9",12/9,RIGHT(G153,2)="12",1)} -> 2.605339e+09 | H171: {=((-1*(H75+SUM(H84:H86))-H127)*H170/365)*_xlfn.IFS(RIGHT(H153,2)="/3",12/3,RIGHT(H153,2)="/6",12/6,RIGHT(H153,2)="/9",12/9,RIGHT(H153,2)="12",1)} -> 3.3650453e+09 | I171: {=((-1*(I75+SUM(I84:I86))-I127)*I170/365)*_xlfn.IFS(RIGHT(I153,2)="/3",12/3,RIGHT(I153,2)="/6",12/6,RIGHT(I153,2)="/9",12/9,RIGHT(I153,2)="12",1)} -> 4.0052829e+09 | J171: {=((-1*(J75+SUM(J84:J86))-J127)*J170/365)*_xlfn.IFS(RIGHT(J153,2)="/3",12/3,RIGHT(J153,2)="/6",12/6,RIGHT(J153,2)="/9",12/9,RIGHT(J153,2)="12",1)} -> 5.3281786e+09 | K171: {=((-1*(K75+SUM(K84:K86))-K127)*K170/365)*_xlfn.IFS(RIGHT(K153,2)="/3",12/3,RIGHT(K153,2)="/6",12/6,RIGHT(K153,2)="/9",12/9,RIGHT(K153,2)="12",1)} -> 5.4958431e+09 | L171: {=((-1*(L75+SUM(L84:L86))-L127)*L170/365)*_xlfn.IFS(RIGHT(L153,2)="/3",12/3,RIGHT(L153,2)="/6",12/6,RIGHT(L153,2)="/9",12/9,RIGHT(L153,2)="12",1)} -> 6.3964079e+09 | M171: {=((-1*(M75+SUM(M84:M86))-M127)*M170/365)*_xlfn.IFS(RIGHT(M153,2)="/3",12/3,RIGHT(M153,2)="/6",12/6,RIGHT(M153,2)="/9",12/9,RIGHT(M153,2)="12",1)} -> 8.947355e+09 | ... X171: {=((-1*(X75+SUM(X84:X86))-X127)*X170/365)*_xlfn.IFS(RIGHT(X153,2)="/3",12/3,RIGHT(X153,2)="/6",12/6,RIGHT(X153,2)="/9",12/9,RIGHT(X153,2)="12",1)} -> 3.2706076e+10
A172: Mevcut Net İşletme Sermayesi | F172: =F3-F33 -> 12399791000 | G172: =G3-G33 -> 12507296000 | H172: =H3-H33 -> 9643043000 | I172: =I3-I33 -> 12630718000 | J172: =J3-J33 -> 13697328000 | K172: =K3-K33 -> 7395441000 | L172: =L3-L33 -> 8535038000 | M172: =M3-M33 -> 13947436000 | ... X172: =X3-X33 -> 29248106000
F173: =F172-F171 -> 9.8414691e+09 | G173: =G172-G171 -> 9.901957e+09 | H173: =H172-H171 -> 6.2779977e+09 | I173: =I172-I171 -> 8.6254351e+09 | J173: =J172-J171 -> 8.3691494e+09 | K173: =K172-K171 -> 1.8995979e+09 | L173: =L172-L171 -> 2.1386301e+09 | M173: =M172-M171 -> 5.000081e+09 | ... X173: =X172-X171 -> -3.45797e+09
C176: {=INDIRECT(ADDRESS(36,2))} -> 1163014000

Sheet Çeyreklik
B1: =IF(Bilanço!B2="2022/3",COUNT(Data!$1:$1)+1,COUNT(Data!$1:$1)) -> 23 | C1: =($B$1+1)-COLUMN(B1) -> 22 | D1: =($B$1+1)-COLUMN(C1) -> 21 | E1: =($B$1+1)-COLUMN(D1) -> 20 | F1: =($B$1+1)-COLUMN(E1) -> 19 | G1: =($B$1+1)-COLUMN(F1) -> 18 | H1: =($B$1+1)-COLUMN(G1) -> 17 | I1: =($B$1+1)-COLUMN(H1) -> 16 | J1: =($B$1+1)-COLUMN(I1) -> 15 | ... W1: =($B$1+1)-COLUMN(V1) -> 2
A2: =Data!A2 -> Bilanço | B2: =IFERROR(HLOOKUP(B$1,Data!$1:$149,ROW(Bilanço!$A2),0),"") -> 2020/6 | C2: =IFERROR(HLOOKUP(C$1,Data!$1:$149,ROW(Bilanço!$A2),0),"") -> 2020/9 | D2: =IFERROR(HLOOKUP(D$1,Data!$1:$149,ROW(Bilanço!$A2),0),"") -> 2020/12 | E2: =IFERROR(HLOOKUP(E$1,Data!$1:$149,ROW(Bilanço!$A2),0),"") -> 2021/3 | F2: =IFERROR(HLOOKUP(F$1,Data!$1:$149,ROW(Bilanço!$A2),0),"") -> 2021/6 | G2: =IFERROR(HLOOKUP(G$1,Data!$1:$149,ROW(Bilanço!$A2),0),"") -> 2021/9 | H2: =IFERROR(HLOOKUP(H$1,Data!$1:$149,ROW(Bilanço!$A2),0),"") -> 2021/12 | I2: =IFERROR(HLOOKUP(I$1,Data!$1:$149,ROW(Bilanço!$A2),0),"") -> 2022/3 | ... W2: =IFERROR(HLOOKUP(W$1,Data!$1:$149,ROW(Bilanço!$A2),0),"") -> 2025/9
A3: =Data!A74 -> Satış Gelirleri | B3: =IFERROR(IF($B$2="2022/3",IF(MID(B$2,6,7)="3",HLOOKUP(B$1,Bilanço!$1:$151,MATCH(Çeyreklik!$A3,Bilanço!$A:$A,0),0),HLOOKUP(B$1,Bilanço!$1:$151,MATCH(Çeyreklik!$A3,Bilanço!$A:$A,0),0)-HLOOKUP(A$1,Bilanço!$1:$151,MATCH(Çeyreklik!$A3,Bilanço!$A:$A,0),0)),IF(MID(B$2,6,7)="3",HLOOKUP(B$1,Bilanço!$1:$151,MATCH(Çeyreklik!$A3,Bilanço!$A:$A,0),0),HLOOKUP(B$1,Bilanço!$1:$151,MATCH(Çeyreklik!$A3,Bilanço!$A:$A,0),0)-HLOOKUP(Bilanço!$B$1,Bilanço!$1:$151,MATCH(Çeyreklik!$A3,Bilanço!$A:$A,0),0))),"") -> 2144641000 | C3: =IFERROR(IF(MID(C$2,6,7)="3",HLOOKUP(C$1,Bilanço!$1:$151,MATCH(Çeyreklik!$A3,Bilanço!$A:$A,0),0),HLOOKUP(C$1,Bilanço!$1:$151,MATCH(Çeyreklik!$A3,Bilanço!$A:$A,0),0)-HLOOKUP(B$1,Bilanço!$1:$151,MATCH(Çeyreklik!$A3,Bilanço!$A:$A,0),0)),"") -> 2455845000 | D3: =IFERROR(IF(MID(D$2,6,7)="3",HLOOKUP(D$1,Bilanço!$1:$151,MATCH(Çeyreklik!$A3,Bilanço!$A:$A,0),0),HLOOKUP(D$1,Bilanço!$1:$151,MATCH(Çeyreklik!$A3,Bilanço!$A:$A,0),0)-HLOOKUP(C$1,Bilanço!$1:$151,MATCH(Çeyreklik!$A3,Bilanço!$A:$A,0),0)),"") -> 2739018000 | E3: =IFERROR(IF(MID(E$2,6,7)="3",HLOOKUP(E$1,Bilanço!$1:$151,MATCH(Çeyreklik!$A3,Bilanço!$A:$A,0),0),HLOOKUP(E$1,Bilanço!$1:$151,MATCH(Çeyreklik!$A3,Bilanço!$A:$A,0),0)-HLOOKUP(D$1,Bilanço!$1:$151,MATCH(Çeyreklik!$A3,Bilanço!$A:$A,0),0)),"") -> 2783757000 | F3: =IFERROR(IF(MID(F$2,6,7)="3",HLOOKUP(F$1,Bilanço!$1:$151,MATCH(Çeyreklik!$A3,Bilanço!$A:$A,0),0),HLOOKUP(F$1,Bilanço!$1:$151,MATCH(Çeyreklik!$A3,Bilanço!$A:$A,0),0)-HLOOKUP(E$1,Bilanço!$1:$151,MATCH(Çeyreklik!$A3,Bilanço!$A:$A,0),0)),"") -> 2659067000 | G3: =IFERROR(IF(MID(G$2,6,7)="3",HLOOKUP(G$1,Bilanço!$1:$151,MATCH(Çeyreklik!$A3,Bilanço!$A:$A,0),0),HLOOKUP(G$1,Bilanço!$1:$151,MATCH(Çeyreklik!$A3,Bilanço!$A:$A,0),0)-HLOOKUP(F$1,Bilanço!$1:$151,MATCH(Çeyreklik!$A3,Bilanço!$A:$A,0),0)),"") -> 2976133000 | H3: =IFERROR(IF(MID(H$2,6,7)="3",HLOOKUP(H$1,Bilanço!$1:$151,MATCH(Çeyreklik!$A3,Bilanço!$A:$A,0),0),HLOOKUP(H$1,Bilanço!$1:$151,MATCH(Çeyreklik!$A3,Bilanço!$A:$A,0),0)-HLOOKUP(G$1,Bilanço!$1:$151,MATCH(Çeyreklik!$A3,Bilanço!$A:$A,0),0)),"") -> 4118123000 | I3: =IFERROR(IF(MID(I$2,6,7)="3",HLOOKUP(I$1,Bilanço!$1:$151,MATCH(Çeyreklik!$A3,Bilanço!$A:$A,0),0),HLOOKUP(I$1,Bilanço!$1:$151,MATCH(Çeyreklik!$A3,Bilanço!$A:$A,0),0)-HLOOKUP(H$1,Bilanço!$1:$151,MATCH(Çeyreklik!$A3,Bilanço!$A:$A,0),0)),"") -> 5886018000 | J3: =IFERROR(IF(MID(J$2,6,7)="3",HLOOKUP(J$1,Bilanço!$1:$151,MATCH(Çeyreklik!$A3,Bilanço!$A:$A,0),0),HLOOKUP(J$1,Bilanço!$1:$151,MATCH(Çeyreklik!$A3,Bilanço!$A:$A,0),0)-HLOOKUP(I$1,Bilanço!$1:$151,MATCH(Çeyreklik!$A3,Bilanço!$A:$A,0),0)),"") -> 5991042000 | ... W3: =IFERROR(IF(MID(W$2,6,7)="3",HLOOKUP(W$1,Bilanço!$1:$151,MATCH(Çeyreklik!$A3,Bilanço!$A:$A,0),0),HLOOKUP(W$1,Bilanço!$1:$151,MATCH(Çeyreklik!$A3,Bilanço!$A:$A,0),0)-HLOOKUP(V$1,Bilanço!$1:$151,MATCH(Çeyreklik!$A3,Bilanço!$A:$A,0),0)),"") -> 29286362000
A4: =Data!A75 -> Satışların Maliyeti (-) | B4: =IFERROR(IF($B$2="2022/3",IF(MID(B$2,6,7)="3",HLOOKUP(B$1,Bilanço!$1:$151,MATCH(Çeyreklik!$A4,Bilanço!$A:$A,0),0),HLOOKUP(B$1,Bilanço!$1:$151,MATCH(Çeyreklik!$A4,Bilanço!$A:$A,0),0)-HLOOKUP(A$1,Bilanço!$1:$151,MATCH(Çeyreklik!$A4,Bilanço!$A:$A,0),0)),IF(MID(B$2,6,7)="3",HLOOKUP(B$1,Bilanço!$1:$151,MATCH(Çeyreklik!$A4,Bilanço!$A:$A,0),0),HLOOKUP(B$1,Bilanço!$1:$151,MATCH(Çeyreklik!$A4,Bilanço!$A:$A,0),0)-HLOOKUP(Bilanço!$B$1,Bilanço!$1:$151,MATCH(Çeyreklik!$A4,Bilanço!$A:$A,0),0))),"") -> -1557506000 | C4: =IFERROR(IF(MID(C$2,6,7)="3",HLOOKUP(C$1,Bilanço!$1:$151,MATCH(Çeyreklik!$A4,Bilanço!$A:$A,0),0),HLOOKUP(C$1,Bilanço!$1:$151,MATCH(Çeyreklik!$A4,Bilanço!$A:$A,0),0)-HLOOKUP(B$1,Bilanço!$1:$151,MATCH(Çeyreklik!$A4,Bilanço!$A:$A,0),0)),"") -> -1646929000 | D4: =IFERROR(IF(MID(D$2,6,7)="3",HLOOKUP(D$1,Bilanço!$1:$151,MATCH(Çeyreklik!$A4,Bilanço!$A:$A,0),0),HLOOKUP(D$1,Bilanço!$1:$151,MATCH(Çeyreklik!$A4,Bilanço!$A:$A,0),0)-HLOOKUP(C$1,Bilanço!$1:$151,MATCH(Çeyreklik!$A4,Bilanço!$A:$A,0),0)),"") -> -1914092000 | E4: =IFERROR(IF(MID(E$2,6,7)="3",HLOOKUP(E$1,Bilanço!$1:$151,MATCH(Çeyreklik!$A4,Bilanço!$A:$A,0),0),HLOOKUP(E$1,Bilanço!$1:$151,MATCH(Çeyreklik!$A4,Bilanço!$A:$A,0),0)-HLOOKUP(D$1,Bilanço!$1:$151,MATCH(Çeyreklik!$A4,Bilanço!$A:$A,0),0)),"") -> -1921419000 | F4: =IFERROR(IF(MID(F$2,6,7)="3",HLOOKUP(F$1,Bilanço!$1:$151,MATCH(Çeyreklik!$A4,Bilanço!$A:$A,0),0),HLOOKUP(F$1,Bilanço!$1:$151,MATCH(Çeyreklik!$A4,Bilanço!$A:$A,0),0)-HLOOKUP(E$1,Bilanço!$1:$151,MATCH(Çeyreklik!$A4,Bilanço!$A:$A,0),0)),"") -> -1947709000 | G4: =IFERROR(IF(MID(G$2,6,7)="3",HLOOKUP(G$1,Bilanço!$1:$151,MATCH(Çeyreklik!$A4,Bilanço!$A:$A,0),0),HLOOKUP(G$1,Bilanço!$1:$151,MATCH(Çeyreklik!$A4,Bilanço!$A:$A,0),0)-HLOOKUP(F$1,Bilanço!$1:$151,MATCH(Çeyreklik!$A4,Bilanço!$A:$A,0),0)),"") -> -2171949000 | H4: =IFERROR(IF(MID(H$2,6,7)="3",HLOOKUP(H$1,Bilanço!$1:$151,MATCH(Çeyreklik!$A4,Bilanço!$A:$A,0),0),HLOOKUP(H$1,Bilanço!$1:$151,MATCH(Çeyreklik!$A4,Bilanço!$A:$A,0),0)-HLOOKUP(G$1,Bilanço!$1:$151,MATCH(Çeyreklik!$A4,Bilanço!$A:$A,0),0)),"") -> -2883588000 | I4: =IFERROR(IF(MID(I$2,6,7)="3",HLOOKUP(I$1,Bilanço!$1:$151,MATCH(Çeyreklik!$A4,Bilanço!$A:$A,0),0),HLOOKUP(I$1,Bilanço!$1:$151,MATCH(Çeyreklik!$A4,Bilanço!$A:$A,0),0)-HLOOKUP(H$1,Bilanço!$1:$151,MATCH(Çeyreklik!$A4,Bilanço!$A:$A,0),0)),"") -> -4036928000 | J4: =IFERROR(IF(MID(J$2,6,7)="3",HLOOKUP(J$1,Bilanço!$1:$151,MATCH(Çeyreklik!$A4,Bilanço!$A:$A,0),0),HLOOKUP(J$1,Bilanço!$1:$151,MATCH(Çeyreklik!$A4,Bilanço!$A:$A,0),0)-HLOOKUP(I$1,Bilanço!$1:$151,MATCH(Çeyreklik!$A4,Bilanço!$A:$A,0),0)),"") -> -4293332000 | ... W4: =IFERROR(IF(MID(W$2,6,7)="3",HLOOKUP(W$1,Bilanço!$1:$151,MATCH(Çeyreklik!$A4,Bilanço!$A:$A,0),0),HLOOKUP(W$1,Bilanço!$1:$151,MATCH(Çeyreklik!$A4,Bilanço!$A:$A,0),0)-HLOOKUP(V$1,Bilanço!$1:$151,MATCH(Çeyreklik!$A4,Bilanço!$A:$A,0),0)),"") -> -20667776000
A5: =Data!A76 -> Ticari Faaliyetlerden Diğer Kar (Zarar) | B5: =IFERROR(IF($B$2="2022/3",IF(MID(B$2,6,7)="3",HLOOKUP(B$1,Bilanço!$1:$151,MATCH(Çeyreklik!$A5,Bilanço!$A:$A,0),0),HLOOKUP(B$1,Bilanço!$1:$151,MATCH(Çeyreklik!$A5,Bilanço!$A:$A,0),0)-HLOOKUP(A$1,Bilanço!$1:$151,MATCH(Çeyreklik!$A5,Bilanço!$A:$A,0),0)),IF(MID(B$2,6,7)="3",HLOOKUP(B$1,Bilanço!$1:$151,MATCH(Çeyreklik!$A5,Bilanço!$A:$A,0),0),HLOOKUP(B$1,Bilanço!$1:$151,MATCH(Çeyreklik!$A5,Bilanço!$A:$A,0),0)-HLOOKUP(Bilanço!$B$1,Bilanço!$1:$151,MATCH(Çeyreklik!$A5,Bilanço!$A:$A,0),0))),"") -> 0 | C5: =IFERROR(IF(MID(C$2,6,7)="3",HLOOKUP(C$1,Bilanço!$1:$151,MATCH(Çeyreklik!$A5,Bilanço!$A:$A,0),0),HLOOKUP(C$1,Bilanço!$1:$151,MATCH(Çeyreklik!$A5,Bilanço!$A:$A,0),0)-HLOOKUP(B$1,Bilanço!$1:$151,MATCH(Çeyreklik!$A5,Bilanço!$A:$A,0),0)),"") -> 0 | D5: =IFERROR(IF(MID(D$2,6,7)="3",HLOOKUP(D$1,Bilanço!$1:$151,MATCH(Çeyreklik!$A5,Bilanço!$A:$A,0),0),HLOOKUP(D$1,Bilanço!$1:$151,MATCH(Çeyreklik!$A5,Bilanço!$A:$A,0),0)-HLOOKUP(C$1,Bilanço!$1:$151,MATCH(Çeyreklik!$A5,Bilanço!$A:$A,0),0)),"") -> 0 | E5: =IFERROR(IF(MID(E$2,6,7)="3",HLOOKUP(E$1,Bilanço!$1:$151,MATCH(Çeyreklik!$A5,Bilanço!$A:$A,0),0),HLOOKUP(E$1,Bilanço!$1:$151,MATCH(Çeyreklik!$A5,Bilanço!$A:$A,0),0)-HLOOKUP(D$1,Bilanço!$1:$151,MATCH(Çeyreklik!$A5,Bilanço!$A:$A,0),0)),"") -> 0 | F5: =IFERROR(IF(MID(F$2,6,7)="3",HLOOKUP(F$1,Bilanço!$1:$151,MATCH(Çeyreklik!$A5,Bilanço!$A:$A,0),0),HLOOKUP(F$1,Bilanço!$1:$151,MATCH(Çeyreklik!$A5,Bilanço!$A:$A,0),0)-HLOOKUP(E$1,Bilanço!$1:$151,MATCH(Çeyreklik!$A5,Bilanço!$A:$A,0),0)),"") -> 0 | G5: =IFERROR(IF(MID(G$2,6,7)="3",HLOOKUP(G$1,Bilanço!$1:$151,MATCH(Çeyreklik!$A5,Bilanço!$A:$A,0),0),HLOOKUP(G$1,Bilanço!$1:$151,MATCH(Çeyreklik!$A5,Bilanço!$A:$A,0),0)-HLOOKUP(F$1,Bilanço!$1:$151,MATCH(Çeyreklik!$A5,Bilanço!$A:$A,0),0)),"") -> 0 | H5: =IFERROR(IF(MID(H$2,6,7)="3",HLOOKUP(H$1,Bilanço!$1:$151,MATCH(Çeyreklik!$A5,Bilanço!$A:$A,0),0),HLOOKUP(H$1,Bilanço!$1:$151,MATCH(Çeyreklik!$A5,Bilanço!$A:$A,0),0)-HLOOKUP(G$1,Bilanço!$1:$151,MATCH(Çeyreklik!$A5,Bilanço!$A:$A,0),0)),"") -> 0 | I5: =IFERROR(IF(MID(I$2,6,7)="3",HLOOKUP(I$1,Bilanço!$1:$151,MATCH(Çeyreklik!$A5,Bilanço!$A:$A,0),0),HLOOKUP(I$1,Bilanço!$1:$151,MATCH(Çeyreklik!$A5,Bilanço!$A:$A,0),0)-HLOOKUP(H$1,Bilanço!$1:$151,MATCH(Çeyreklik!$A5,Bilanço!$A:$A,0),0)),"") -> 0 | J5: =IFERROR(IF(MID(J$2,6,7)="3",HLOOKUP(J$1,Bilanço!$1:$151,MATCH(Çeyreklik!$A5,Bilanço!$A:$A,0),0),HLOOKUP(J$1,Bilanço!$1:$151,MATCH(Çeyreklik!$A5,Bilanço!$A:$A,0),0)-HLOOKUP(I$1,Bilanço!$1:$151,MATCH(Çeyreklik!$A5,Bilanço!$A:$A,0),0)),"") -> 0 | ... W5: =IFERROR(IF(MID(W$2,6,7)="3",HLOOKUP(W$1,Bilanço!$1:$151,MATCH(Çeyreklik!$A5,Bilanço!$A:$A,0),0),HLOOKUP(W$1,Bilanço!$1:$151,MATCH(Çeyreklik!$A5,Bilanço!$A:$A,0),0)-HLOOKUP(V$1,Bilanço!$1:$151,MATCH(Çeyreklik!$A5,Bilanço!$A:$A,0),0)),"") -> 0
A6: =Data!A77 -> Ticari Faaliyetlerden Brüt Kar (Zarar) | B6: =IFERROR(IF($B$2="2022/3",IF(MID(B$2,6,7)="3",HLOOKUP(B$1,Bilanço!$1:$151,MATCH(Çeyreklik!$A6,Bilanço!$A:$A,0),0),HLOOKUP(B$1,Bilanço!$1:$151,MATCH(Çeyreklik!$A6,Bilanço!$A:$A,0),0)-HLOOKUP(A$1,Bilanço!$1:$151,MATCH(Çeyreklik!$A6,Bilanço!$A:$A,0),0)),IF(MID(B$2,6,7)="3",HLOOKUP(B$1,Bilanço!$1:$151,MATCH(Çeyreklik!$A6,Bilanço!$A:$A,0),0),HLOOKUP(B$1,Bilanço!$1:$151,MATCH(Çeyreklik!$A6,Bilanço!$A:$A,0),0)-HLOOKUP(Bilanço!$B$1,Bilanço!$1:$151,MATCH(Çeyreklik!$A6,Bilanço!$A:$A,0),0))),"") -> 587135000 | C6: =IFERROR(IF(MID(C$2,6,7)="3",HLOOKUP(C$1,Bilanço!$1:$151,MATCH(Çeyreklik!$A6,Bilanço!$A:$A,0),0),HLOOKUP(C$1,Bilanço!$1:$151,MATCH(Çeyreklik!$A6,Bilanço!$A:$A,0),0)-HLOOKUP(B$1,Bilanço!$1:$151,MATCH(Çeyreklik!$A6,Bilanço!$A:$A,0),0)),"") -> 808916000 | D6: =IFERROR(IF(MID(D$2,6,7)="3",HLOOKUP(D$1,Bilanço!$1:$151,MATCH(Çeyreklik!$A6,Bilanço!$A:$A,0),0),HLOOKUP(D$1,Bilanço!$1:$151,MATCH(Çeyreklik!$A6,Bilanço!$A:$A,0),0)-HLOOKUP(C$1,Bilanço!$1:$151,MATCH(Çeyreklik!$A6,Bilanço!$A:$A,0),0)),"") -> 824926000 | E6: =IFERROR(IF(MID(E$2,6,7)="3",HLOOKUP(E$1,Bilanço!$1:$151,MATCH(Çeyreklik!$A6,Bilanço!$A:$A,0),0),HLOOKUP(E$1,Bilanço!$1:$151,MATCH(Çeyreklik!$A6,Bilanço!$A:$A,0),0)-HLOOKUP(D$1,Bilanço!$1:$151,MATCH(Çeyreklik!$A6,Bilanço!$A:$A,0),0)),"") -> 862338000 | F6: =IFERROR(IF(MID(F$2,6,7)="3",HLOOKUP(F$1,Bilanço!$1:$151,MATCH(Çeyreklik!$A6,Bilanço!$A:$A,0),0),HLOOKUP(F$1,Bilanço!$1:$151,MATCH(Çeyreklik!$A6,Bilanço!$A:$A,0),0)-HLOOKUP(E$1,Bilanço!$1:$151,MATCH(Çeyreklik!$A6,Bilanço!$A:$A,0),0)),"") -> 711358000 | G6: =IFERROR(IF(MID(G$2,6,7)="3",HLOOKUP(G$1,Bilanço!$1:$151,MATCH(Çeyreklik!$A6,Bilanço!$A:$A,0),0),HLOOKUP(G$1,Bilanço!$1:$151,MATCH(Çeyreklik!$A6,Bilanço!$A:$A,0),0)-HLOOKUP(F$1,Bilanço!$1:$151,MATCH(Çeyreklik!$A6,Bilanço!$A:$A,0),0)),"") -> 804184000 | H6: =IFERROR(IF(MID(H$2,6,7)="3",HLOOKUP(H$1,Bilanço!$1:$151,MATCH(Çeyreklik!$A6,Bilanço!$A:$A,0),0),HLOOKUP(H$1,Bilanço!$1:$151,MATCH(Çeyreklik!$A6,Bilanço!$A:$A,0),0)-HLOOKUP(G$1,Bilanço!$1:$151,MATCH(Çeyreklik!$A6,Bilanço!$A:$A,0),0)),"") -> 1234535000 | I6: =IFERROR(IF(MID(I$2,6,7)="3",HLOOKUP(I$1,Bilanço!$1:$151,MATCH(Çeyreklik!$A6,Bilanço!$A:$A,0),0),HLOOKUP(I$1,Bilanço!$1:$151,MATCH(Çeyreklik!$A6,Bilanço!$A:$A,0),0)-HLOOKUP(H$1,Bilanço!$1:$151,MATCH(Çeyreklik!$A6,Bilanço!$A:$A,0),0)),"") -> 1849090000 | J6: =IFERROR(IF(MID(J$2,6,7)="3",HLOOKUP(J$1,Bilanço!$1:$151,MATCH(Çeyreklik!$A6,Bilanço!$A:$A,0),0),HLOOKUP(J$1,Bilanço!$1:$151,MATCH(Çeyreklik!$A6,Bilanço!$A:$A,0),0)-HLOOKUP(I$1,Bilanço!$1:$151,MATCH(Çeyreklik!$A6,Bilanço!$A:$A,0),0)),"") -> 1697710000 | ... W6: =IFERROR(IF(MID(W$2,6,7)="3",HLOOKUP(W$1,Bilanço!$1:$151,MATCH(Çeyreklik!$A6,Bilanço!$A:$A,0),0),HLOOKUP(W$1,Bilanço!$1:$151,MATCH(Çeyreklik!$A6,Bilanço!$A:$A,0),0)-HLOOKUP(V$1,Bilanço!$1:$151,MATCH(Çeyreklik!$A6,Bilanço!$A:$A,0),0)),"") -> 8618586000
A7: =Data!A78 -> Faiz, Ücret, Prim, Komisyon ve Diğer Gelirler | B7: =IFERROR(IF($B$2="2022/3",IF(MID(B$2,6,7)="3",HLOOKUP(B$1,Bilanço!$1:$151,MATCH(Çeyreklik!$A7,Bilanço!$A:$A,0),0),HLOOKUP(B$1,Bilanço!$1:$151,MATCH(Çeyreklik!$A7,Bilanço!$A:$A,0),0)-HLOOKUP(A$1,Bilanço!$1:$151,MATCH(Çeyreklik!$A7,Bilanço!$A:$A,0),0)),IF(MID(B$2,6,7)="3",HLOOKUP(B$1,Bilanço!$1:$151,MATCH(Çeyreklik!$A7,Bilanço!$A:$A,0),0),HLOOKUP(B$1,Bilanço!$1:$151,MATCH(Çeyreklik!$A7,Bilanço!$A:$A,0),0)-HLOOKUP(Bilanço!$B$1,Bilanço!$1:$151,MATCH(Çeyreklik!$A7,Bilanço!$A:$A,0),0))),"") -> 0 | C7: =IFERROR(IF(MID(C$2,6,7)="3",HLOOKUP(C$1,Bilanço!$1:$151,MATCH(Çeyreklik!$A7,Bilanço!$A:$A,0),0),HLOOKUP(C$1,Bilanço!$1:$151,MATCH(Çeyreklik!$A7,Bilanço!$A:$A,0),0)-HLOOKUP(B$1,Bilanço!$1:$151,MATCH(Çeyreklik!$A7,Bilanço!$A:$A,0),0)),"") -> 0 | D7: =IFERROR(IF(MID(D$2,6,7)="3",HLOOKUP(D$1,Bilanço!$1:$151,MATCH(Çeyreklik!$A7,Bilanço!$A:$A,0),0),HLOOKUP(D$1,Bilanço!$1:$151,MATCH(Çeyreklik!$A7,Bilanço!$A:$A,0),0)-HLOOKUP(C$1,Bilanço!$1:$151,MATCH(Çeyreklik!$A7,Bilanço!$A:$A,0),0)),"") -> 0 | E7: =IFERROR(IF(MID(E$2,6,7)="3",HLOOKUP(E$1,Bilanço!$1:$151,MATCH(Çeyreklik!$A7,Bilanço!$A:$A,0),0),HLOOKUP(E$1,Bilanço!$1:$151,MATCH(Çeyreklik!$A7,Bilanço!$A:$A,0),0)-HLOOKUP(D$1,Bilanço!$1:$151,MATCH(Çeyreklik!$A7,Bilanço!$A:$A,0),0)),"") -> 0 | F7: =IFERROR(IF(MID(F$2,6,7)="3",HLOOKUP(F$1,Bilanço!$1:$151,MATCH(Çeyreklik!$A7,Bilanço!$A:$A,0),0),HLOOKUP(F$1,Bilanço!$1:$151,MATCH(Çeyreklik!$A7,Bilanço!$A:$A,0),0)-HLOOKUP(E$1,Bilanço!$1:$151,MATCH(Çeyreklik!$A7,Bilanço!$A:$A,0),0)),"") -> 0 | G7: =IFERROR(IF(MID(G$2,6,7)="3",HLOOKUP(G$1,Bilanço!$1:$151,MATCH(Çeyreklik!$A7,Bilanço!$A:$A,0),0),HLOOKUP(G$1,Bilanço!$1:$151,MATCH(Çeyreklik!$A7,Bilanço!$A:$A,0),0)-HLOOKUP(F$1,Bilanço!$1:$151,MATCH(Çeyreklik!$A7,Bilanço!$A:$A,0),0)),"") -> 0 | H7: =IFERROR(IF(MID(H$2,6,7)="3",HLOOKUP(H$1,Bilanço!$1:$151,MATCH(Çeyreklik!$A7,Bilanço!$A:$A,0),0),HLOOKUP(H$1,Bilanço!$1:$151,MATCH(Çeyreklik!$A7,Bilanço!$A:$A,0),0)-HLOOKUP(G$1,Bilanço!$1:$151,MATCH(Çeyreklik!$A7,Bilanço!$A:$A,0),0)),"") -> 0 | I7: =IFERROR(IF(MID(I$2,6,7)="3",HLOOKUP(I$1,Bilanço!$1:$151,MATCH(Çeyreklik!$A7,Bilanço!$A:$A,0),0),HLOOKUP(I$1,Bilanço!$1:$151,MATCH(Çeyreklik!$A7,Bilanço!$A:$A,0),0)-HLOOKUP(H$1,Bilanço!$1:$151,MATCH(Çeyreklik!$A7,Bilanço!$A:$A,0),0)),"") -> 0 | J7: =IFERROR(IF(MID(J$2,6,7)="3",HLOOKUP(J$1,Bilanço!$1:$151,MATCH(Çeyreklik!$A7,Bilanço!$A:$A,0),0),HLOOKUP(J$1,Bilanço!$1:$151,MATCH(Çeyreklik!$A7,Bilanço!$A:$A,0),0)-HLOOKUP(I$1,Bilanço!$1:$151,MATCH(Çeyreklik!$A7,Bilanço!$A:$A,0),0)),"") -> 0 | ... W7: =IFERROR(IF(MID(W$2,6,7)="3",HLOOKUP(W$1,Bilanço!$1:$151,MATCH(Çeyreklik!$A7,Bilanço!$A:$A,0),0),HLOOKUP(W$1,Bilanço!$1:$151,MATCH(Çeyreklik!$A7,Bilanço!$A:$A,0),0)-HLOOKUP(V$1,Bilanço!$1:$151,MATCH(Çeyreklik!$A7,Bilanço!$A:$A,0),0)),"") -> 0
A8: =Data!A79 -> Faiz, Ücret, Prim, Komisyon ve Diğer Giderler (-) | B8: =IFERROR(IF($B$2="2022/3",IF(MID(B$2,6,7)="3",HLOOKUP(B$1,Bilanço!$1:$151,MATCH(Çeyreklik!$A8,Bilanço!$A:$A,0),0),HLOOKUP(B$1,Bilanço!$1:$151,MATCH(Çeyreklik!$A8,Bilanço!$A:$A,0),0)-HLOOKUP(A$1,Bilanço!$1:$151,MATCH(Çeyreklik!$A8,Bilanço!$A:$A,0),0)),IF(MID(B$2,6,7)="3",HLOOKUP(B$1,Bilanço!$1:$151,MATCH(Çeyreklik!$A8,Bilanço!$A:$A,0),0),HLOOKUP(B$1,Bilanço!$1:$151,MATCH(Çeyreklik!$A8,Bilanço!$A:$A,0),0)-HLOOKUP(Bilanço!$B$1,Bilanço!$1:$151,MATCH(Çeyreklik!$A8,Bilanço!$A:$A,0),0))),"") -> 0 | C8: =IFERROR(IF(MID(C$2,6,7)="3",HLOOKUP(C$1,Bilanço!$1:$151,MATCH(Çeyreklik!$A8,Bilanço!$A:$A,0),0),HLOOKUP(C$1,Bilanço!$1:$151,MATCH(Çeyreklik!$A8,Bilanço!$A:$A,0),0)-HLOOKUP(B$1,Bilanço!$1:$151,MATCH(Çeyreklik!$A8,Bilanço!$A:$A,0),0)),"") -> 0 | D8: =IFERROR(IF(MID(D$2,6,7)="3",HLOOKUP(D$1,Bilanço!$1:$151,MATCH(Çeyreklik!$A8,Bilanço!$A:$A,0),0),HLOOKUP(D$1,Bilanço!$1:$151,MATCH(Çeyreklik!$A8,Bilanço!$A:$A,0),0)-HLOOKUP(C$1,Bilanço!$1:$151,MATCH(Çeyreklik!$A8,Bilanço!$A:$A,0),0)),"") -> 0 | E8: =IFERROR(IF(MID(E$2,6,7)="3",HLOOKUP(E$1,Bilanço!$1:$151,MATCH(Çeyreklik!$A8,Bilanço!$A:$A,0),0),HLOOKUP(E$1,Bilanço!$1:$151,MATCH(Çeyreklik!$A8,Bilanço!$A:$A,0),0)-HLOOKUP(D$1,Bilanço!$1:$151,MATCH(Çeyreklik!$A8,Bilanço!$A:$A,0),0)),"") -> 0 | F8: =IFERROR(IF(MID(F$2,6,7)="3",HLOOKUP(F$1,Bilanço!$1:$151,MATCH(Çeyreklik!$A8,Bilanço!$A:$A,0),0),HLOOKUP(F$1,Bilanço!$1:$151,MATCH(Çeyreklik!$A8,Bilanço!$A:$A,0),0)-HLOOKUP(E$1,Bilanço!$1:$151,MATCH(Çeyreklik!$A8,Bilanço!$A:$A,0),0)),"") -> 0 | G8: =IFERROR(IF(MID(G$2,6,7)="3",HLOOKUP(G$1,Bilanço!$1:$151,MATCH(Çeyreklik!$A8,Bilanço!$A:$A,0),0),HLOOKUP(G$1,Bilanço!$1:$151,MATCH(Çeyreklik!$A8,Bilanço!$A:$A,0),0)-HLOOKUP(F$1,Bilanço!$1:$151,MATCH(Çeyreklik!$A8,Bilanço!$A:$A,0),0)),"") -> 0 | H8: =IFERROR(IF(MID(H$2,6,7)="3",HLOOKUP(H$1,Bilanço!$1:$151,MATCH(Çeyreklik!$A8,Bilanço!$A:$A,0),0),HLOOKUP(H$1,Bilanço!$1:$151,MATCH(Çeyreklik!$A8,Bilanço!$A:$A,0),0)-HLOOKUP(G$1,Bilanço!$1:$151,MATCH(Çeyreklik!$A8,Bilanço!$A:$A,0),0)),"") -> 0 | I8: =IFERROR(IF(MID(I$2,6,7)="3",HLOOKUP(I$1,Bilanço!$1:$151,MATCH(Çeyreklik!$A8,Bilanço!$A:$A,0),0),HLOOKUP(I$1,Bilanço!$1:$151,MATCH(Çeyreklik!$A8,Bilanço!$A:$A,0),0)-HLOOKUP(H$1,Bilanço!$1:$151,MATCH(Çeyreklik!$A8,Bilanço!$A:$A,0),0)),"") -> 0 | J8: =IFERROR(IF(MID(J$2,6,7)="3",HLOOKUP(J$1,Bilanço!$1:$151,MATCH(Çeyreklik!$A8,Bilanço!$A:$A,0),0),HLOOKUP(J$1,Bilanço!$1:$151,MATCH(Çeyreklik!$A8,Bilanço!$A:$A,0),0)-HLOOKUP(I$1,Bilanço!$1:$151,MATCH(Çeyreklik!$A8,Bilanço!$A:$A,0),0)),"") -> 0 | ... W8: =IFERROR(IF(MID(W$2,6,7)="3",HLOOKUP(W$1,Bilanço!$1:$151,MATCH(Çeyreklik!$A8,Bilanço!$A:$A,0),0),HLOOKUP(W$1,Bilanço!$1:$151,MATCH(Çeyreklik!$A8,Bilanço!$A:$A,0),0)-HLOOKUP(V$1,Bilanço!$1:$151,MATCH(Çeyreklik!$A8,Bilanço!$A:$A,0),0)),"") -> 0
A9: =Data!A80 -> Finans Sektörü Faaliyetlerinden Diğer Kar (Zarar) | B9: =IFERROR(IF($B$2="2022/3",IF(MID(B$2,6,7)="3",HLOOKUP(B$1,Bilanço!$1:$151,MATCH(Çeyreklik!$A9,Bilanço!$A:$A,0),0),HLOOKUP(B$1,Bilanço!$1:$151,MATCH(Çeyreklik!$A9,Bilanço!$A:$A,0),0)-HLOOKUP(A$1,Bilanço!$1:$151,MATCH(Çeyreklik!$A9,Bilanço!$A:$A,0),0)),IF(MID(B$2,6,7)="3",HLOOKUP(B$1,Bilanço!$1:$151,MATCH(Çeyreklik!$A9,Bilanço!$A:$A,0),0),HLOOKUP(B$1,Bilanço!$1:$151,MATCH(Çeyreklik!$A9,Bilanço!$A:$A,0),0)-HLOOKUP(Bilanço!$B$1,Bilanço!$1:$151,MATCH(Çeyreklik!$A9,Bilanço!$A:$A,0),0))),"") -> 0 | C9: =IFERROR(IF(MID(C$2,6,7)="3",HLOOKUP(C$1,Bilanço!$1:$151,MATCH(Çeyreklik!$A9,Bilanço!$A:$A,0),0),HLOOKUP(C$1,Bilanço!$1:$151,MATCH(Çeyreklik!$A9,Bilanço!$A:$A,0),0)-HLOOKUP(B$1,Bilanço!$1:$151,MATCH(Çeyreklik!$A9,Bilanço!$A:$A,0),0)),"") -> 0 | D9: =IFERROR(IF(MID(D$2,6,7)="3",HLOOKUP(D$1,Bilanço!$1:$151,MATCH(Çeyreklik!$A9,Bilanço!$A:$A,0),0),HLOOKUP(D$1,Bilanço!$1:$151,MATCH(Çeyreklik!$A9,Bilanço!$A:$A,0),0)-HLOOKUP(C$1,Bilanço!$1:$151,MATCH(Çeyreklik!$A9,Bilanço!$A:$A,0),0)),"") -> 0 | E9: =IFERROR(IF(MID(E$2,6,7)="3",HLOOKUP(E$1,Bilanço!$1:$151,MATCH(Çeyreklik!$A9,Bilanço!$A:$A,0),0),HLOOKUP(E$1,Bilanço!$1:$151,MATCH(Çeyreklik!$A9,Bilanço!$A:$A,0),0)-HLOOKUP(D$1,Bilanço!$1:$151,MATCH(Çeyreklik!$A9,Bilanço!$A:$A,0),0)),"") -> 0 | F9: =IFERROR(IF(MID(F$2,6,7)="3",HLOOKUP(F$1,Bilanço!$1:$151,MATCH(Çeyreklik!$A9,Bilanço!$A:$A,0),0),HLOOKUP(F$1,Bilanço!$1:$151,MATCH(Çeyreklik!$A9,Bilanço!$A:$A,0),0)-HLOOKUP(E$1,Bilanço!$1:$151,MATCH(Çeyreklik!$A9,Bilanço!$A:$A,0),0)),"") -> 0 | G9: =IFERROR(IF(MID(G$2,6,7)="3",HLOOKUP(G$1,Bilanço!$1:$151,MATCH(Çeyreklik!$A9,Bilanço!$A:$A,0),0),HLOOKUP(G$1,Bilanço!$1:$151,MATCH(Çeyreklik!$A9,Bilanço!$A:$A,0),0)-HLOOKUP(F$1,Bilanço!$1:$151,MATCH(Çeyreklik!$A9,Bilanço!$A:$A,0),0)),"") -> 0 | H9: =IFERROR(IF(MID(H$2,6,7)="3",HLOOKUP(H$1,Bilanço!$1:$151,MATCH(Çeyreklik!$A9,Bilanço!$A:$A,0),0),HLOOKUP(H$1,Bilanço!$1:$151,MATCH(Çeyreklik!$A9,Bilanço!$A:$A,0),0)-HLOOKUP(G$1,Bilanço!$1:$151,MATCH(Çeyreklik!$A9,Bilanço!$A:$A,0),0)),"") -> 0 | I9: =IFERROR(IF(MID(I$2,6,7)="3",HLOOKUP(I$1,Bilanço!$1:$151,MATCH(Çeyreklik!$A9,Bilanço!$A:$A,0),0),HLOOKUP(I$1,Bilanço!$1:$151,MATCH(Çeyreklik!$A9,Bilanço!$A:$A,0),0)-HLOOKUP(H$1,Bilanço!$1:$151,MATCH(Çeyreklik!$A9,Bilanço!$A:$A,0),0)),"") -> 0 | J9: =IFERROR(IF(MID(J$2,6,7)="3",HLOOKUP(J$1,Bilanço!$1:$151,MATCH(Çeyreklik!$A9,Bilanço!$A:$A,0),0),HLOOKUP(J$1,Bilanço!$1:$151,MATCH(Çeyreklik!$A9,Bilanço!$A:$A,0),0)-HLOOKUP(I$1,Bilanço!$1:$151,MATCH(Çeyreklik!$A9,Bilanço!$A:$A,0),0)),"") -> 0 | ... W9: =IFERROR(IF(MID(W$2,6,7)="3",HLOOKUP(W$1,Bilanço!$1:$151,MATCH(Çeyreklik!$A9,Bilanço!$A:$A,0),0),HLOOKUP(W$1,Bilanço!$1:$151,MATCH(Çeyreklik!$A9,Bilanço!$A:$A,0),0)-HLOOKUP(V$1,Bilanço!$1:$151,MATCH(Çeyreklik!$A9,Bilanço!$A:$A,0),0)),"") -> 0
A10: =Data!A81 -> Finans Sektörü Faaliyetlerinden Brüt Kar (Zarar) | B10: =IFERROR(IF($B$2="2022/3",IF(MID(B$2,6,7)="3",HLOOKUP(B$1,Bilanço!$1:$151,MATCH(Çeyreklik!$A10,Bilanço!$A:$A,0),0),HLOOKUP(B$1,Bilanço!$1:$151,MATCH(Çeyreklik!$A10,Bilanço!$A:$A,0),0)-HLOOKUP(A$1,Bilanço!$1:$151,MATCH(Çeyreklik!$A10,Bilanço!$A:$A,0),0)),IF(MID(B$2,6,7)="3",HLOOKUP(B$1,Bilanço!$1:$151,MATCH(Çeyreklik!$A10,Bilanço!$A:$A,0),0),HLOOKUP(B$1,Bilanço!$1:$151,MATCH(Çeyreklik!$A10,Bilanço!$A:$A,0),0)-HLOOKUP(Bilanço!$B$1,Bilanço!$1:$151,MATCH(Çeyreklik!$A10,Bilanço!$A:$A,0),0))),"") -> 0 | C10: =IFERROR(IF(MID(C$2,6,7)="3",HLOOKUP(C$1,Bilanço!$1:$151,MATCH(Çeyreklik!$A10,Bilanço!$A:$A,0),0),HLOOKUP(C$1,Bilanço!$1:$151,MATCH(Çeyreklik!$A10,Bilanço!$A:$A,0),0)-HLOOKUP(B$1,Bilanço!$1:$151,MATCH(Çeyreklik!$A10,Bilanço!$A:$A,0),0)),"") -> 0 | D10: =IFERROR(IF(MID(D$2,6,7)="3",HLOOKUP(D$1,Bilanço!$1:$151,MATCH(Çeyreklik!$A10,Bilanço!$A:$A,0),0),HLOOKUP(D$1,Bilanço!$1:$151,MATCH(Çeyreklik!$A10,Bilanço!$A:$A,0),0)-HLOOKUP(C$1,Bilanço!$1:$151,MATCH(Çeyreklik!$A10,Bilanço!$A:$A,0),0)),"") -> 0 | E10: =IFERROR(IF(MID(E$2,6,7)="3",HLOOKUP(E$1,Bilanço!$1:$151,MATCH(Çeyreklik!$A10,Bilanço!$A:$A,0),0),HLOOKUP(E$1,Bilanço!$1:$151,MATCH(Çeyreklik!$A10,Bilanço!$A:$A,0),0)-HLOOKUP(D$1,Bilanço!$1:$151,MATCH(Çeyreklik!$A10,Bilanço!$A:$A,0),0)),"") -> 0 | F10: =IFERROR(IF(MID(F$2,6,7)="3",HLOOKUP(F$1,Bilanço!$1:$151,MATCH(Çeyreklik!$A10,Bilanço!$A:$A,0),0),HLOOKUP(F$1,Bilanço!$1:$151,MATCH(Çeyreklik!$A10,Bilanço!$A:$A,0),0)-HLOOKUP(E$1,Bilanço!$1:$151,MATCH(Çeyreklik!$A10,Bilanço!$A:$A,0),0)),"") -> 0 | G10: =IFERROR(IF(MID(G$2,6,7)="3",HLOOKUP(G$1,Bilanço!$1:$151,MATCH(Çeyreklik!$A10,Bilanço!$A:$A,0),0),HLOOKUP(G$1,Bilanço!$1:$151,MATCH(Çeyreklik!$A10,Bilanço!$A:$A,0),0)-HLOOKUP(F$1,Bilanço!$1:$151,MATCH(Çeyreklik!$A10,Bilanço!$A:$A,0),0)),"") -> 0 | H10: =IFERROR(IF(MID(H$2,6,7)="3",HLOOKUP(H$1,Bilanço!$1:$151,MATCH(Çeyreklik!$A10,Bilanço!$A:$A,0),0),HLOOKUP(H$1,Bilanço!$1:$151,MATCH(Çeyreklik!$A10,Bilanço!$A:$A,0),0)-HLOOKUP(G$1,Bilanço!$1:$151,MATCH(Çeyreklik!$A10,Bilanço!$A:$A,0),0)),"") -> 0 | I10: =IFERROR(IF(MID(I$2,6,7)="3",HLOOKUP(I$1,Bilanço!$1:$151,MATCH(Çeyreklik!$A10,Bilanço!$A:$A,0),0),HLOOKUP(I$1,Bilanço!$1:$151,MATCH(Çeyreklik!$A10,Bilanço!$A:$A,0),0)-HLOOKUP(H$1,Bilanço!$1:$151,MATCH(Çeyreklik!$A10,Bilanço!$A:$A,0),0)),"") -> 0 | J10: =IFERROR(IF(MID(J$2,6,7)="3",HLOOKUP(J$1,Bilanço!$1:$151,MATCH(Çeyreklik!$A10,Bilanço!$A:$A,0),0),HLOOKUP(J$1,Bilanço!$1:$151,MATCH(Çeyreklik!$A10,Bilanço!$A:$A,0),0)-HLOOKUP(I$1,Bilanço!$1:$151,MATCH(Çeyreklik!$A10,Bilanço!$A:$A,0),0)),"") -> 0 | ... W10: =IFERROR(IF(MID(W$2,6,7)="3",HLOOKUP(W$1,Bilanço!$1:$151,MATCH(Çeyreklik!$A10,Bilanço!$A:$A,0),0),HLOOKUP(W$1,Bilanço!$1:$151,MATCH(Çeyreklik!$A10,Bilanço!$A:$A,0),0)-HLOOKUP(V$1,Bilanço!$1:$151,MATCH(Çeyreklik!$A10,Bilanço!$A:$A,0),0)),"") -> 0
A11: =Data!A82 -> Diğer Gelir ve Giderler | B11: =IFERROR(IF($B$2="2022/3",IF(MID(B$2,6,7)="3",HLOOKUP(B$1,Bilanço!$1:$151,MATCH(Çeyreklik!$A11,Bilanço!$A:$A,0),0),HLOOKUP(B$1,Bilanço!$1:$151,MATCH(Çeyreklik!$A11,Bilanço!$A:$A,0),0)-HLOOKUP(A$1,Bilanço!$1:$151,MATCH(Çeyreklik!$A11,Bilanço!$A:$A,0),0)),IF(MID(B$2,6,7)="3",HLOOKUP(B$1,Bilanço!$1:$151,MATCH(Çeyreklik!$A11,Bilanço!$A:$A,0),0),HLOOKUP(B$1,Bilanço!$1:$151,MATCH(Çeyreklik!$A11,Bilanço!$A:$A,0),0)-HLOOKUP(Bilanço!$B$1,Bilanço!$1:$151,MATCH(Çeyreklik!$A11,Bilanço!$A:$A,0),0))),"") -> 0 | C11: =IFERROR(IF(MID(C$2,6,7)="3",HLOOKUP(C$1,Bilanço!$1:$151,MATCH(Çeyreklik!$A11,Bilanço!$A:$A,0),0),HLOOKUP(C$1,Bilanço!$1:$151,MATCH(Çeyreklik!$A11,Bilanço!$A:$A,0),0)-HLOOKUP(B$1,Bilanço!$1:$151,MATCH(Çeyreklik!$A11,Bilanço!$A:$A,0),0)),"") -> 0 | D11: =IFERROR(IF(MID(D$2,6,7)="3",HLOOKUP(D$1,Bilanço!$1:$151,MATCH(Çeyreklik!$A11,Bilanço!$A:$A,0),0),HLOOKUP(D$1,Bilanço!$1:$151,MATCH(Çeyreklik!$A11,Bilanço!$A:$A,0),0)-HLOOKUP(C$1,Bilanço!$1:$151,MATCH(Çeyreklik!$A11,Bilanço!$A:$A,0),0)),"") -> 0 | E11: =IFERROR(IF(MID(E$2,6,7)="3",HLOOKUP(E$1,Bilanço!$1:$151,MATCH(Çeyreklik!$A11,Bilanço!$A:$A,0),0),HLOOKUP(E$1,Bilanço!$1:$151,MATCH(Çeyreklik!$A11,Bilanço!$A:$A,0),0)-HLOOKUP(D$1,Bilanço!$1:$151,MATCH(Çeyreklik!$A11,Bilanço!$A:$A,0),0)),"") -> 0 | F11: =IFERROR(IF(MID(F$2,6,7)="3",HLOOKUP(F$1,Bilanço!$1:$151,MATCH(Çeyreklik!$A11,Bilanço!$A:$A,0),0),HLOOKUP(F$1,Bilanço!$1:$151,MATCH(Çeyreklik!$A11,Bilanço!$A:$A,0),0)-HLOOKUP(E$1,Bilanço!$1:$151,MATCH(Çeyreklik!$A11,Bilanço!$A:$A,0),0)),"") -> 0 | G11: =IFERROR(IF(MID(G$2,6,7)="3",HLOOKUP(G$1,Bilanço!$1:$151,MATCH(Çeyreklik!$A11,Bilanço!$A:$A,0),0),HLOOKUP(G$1,Bilanço!$1:$151,MATCH(Çeyreklik!$A11,Bilanço!$A:$A,0),0)-HLOOKUP(F$1,Bilanço!$1:$151,MATCH(Çeyreklik!$A11,Bilanço!$A:$A,0),0)),"") -> 0 | H11: =IFERROR(IF(MID(H$2,6,7)="3",HLOOKUP(H$1,Bilanço!$1:$151,MATCH(Çeyreklik!$A11,Bilanço!$A:$A,0),0),HLOOKUP(H$1,Bilanço!$1:$151,MATCH(Çeyreklik!$A11,Bilanço!$A:$A,0),0)-HLOOKUP(G$1,Bilanço!$1:$151,MATCH(Çeyreklik!$A11,Bilanço!$A:$A,0),0)),"") -> 0 | I11: =IFERROR(IF(MID(I$2,6,7)="3",HLOOKUP(I$1,Bilanço!$1:$151,MATCH(Çeyreklik!$A11,Bilanço!$A:$A,0),0),HLOOKUP(I$1,Bilanço!$1:$151,MATCH(Çeyreklik!$A11,Bilanço!$A:$A,0),0)-HLOOKUP(H$1,Bilanço!$1:$151,MATCH(Çeyreklik!$A11,Bilanço!$A:$A,0),0)),"") -> 0 | J11: =IFERROR(IF(MID(J$2,6,7)="3",HLOOKUP(J$1,Bilanço!$1:$151,MATCH(Çeyreklik!$A11,Bilanço!$A:$A,0),0),HLOOKUP(J$1,Bilanço!$1:$151,MATCH(Çeyreklik!$A11,Bilanço!$A:$A,0),0)-HLOOKUP(I$1,Bilanço!$1:$151,MATCH(Çeyreklik!$A11,Bilanço!$A:$A,0),0)),"") -> 0 | ... W11: =IFERROR(IF(MID(W$2,6,7)="3",HLOOKUP(W$1,Bilanço!$1:$151,MATCH(Çeyreklik!$A11,Bilanço!$A:$A,0),0),HLOOKUP(W$1,Bilanço!$1:$151,MATCH(Çeyreklik!$A11,Bilanço!$A:$A,0),0)-HLOOKUP(V$1,Bilanço!$1:$151,MATCH(Çeyreklik!$A11,Bilanço!$A:$A,0),0)),"") -> 0
A12: =Data!A83 -> BRÜT KAR (ZARAR) | B12: =IFERROR(IF($B$2="2022/3",IF(MID(B$2,6,7)="3",HLOOKUP(B$1,Bilanço!$1:$151,MATCH(Çeyreklik!$A12,Bilanço!$A:$A,0),0),HLOOKUP(B$1,Bilanço!$1:$151,MATCH(Çeyreklik!$A12,Bilanço!$A:$A,0),0)-HLOOKUP(A$1,Bilanço!$1:$151,MATCH(Çeyreklik!$A12,Bilanço!$A:$A,0),0)),IF(MID(B$2,6,7)="3",HLOOKUP(B$1,Bilanço!$1:$151,MATCH(Çeyreklik!$A12,Bilanço!$A:$A,0),0),HLOOKUP(B$1,Bilanço!$1:$151,MATCH(Çeyreklik!$A12,Bilanço!$A:$A,0),0)-HLOOKUP(Bilanço!$B$1,Bilanço!$1:$151,MATCH(Çeyreklik!$A12,Bilanço!$A:$A,0),0))),"") -> 587135000 | C12: =IFERROR(IF(MID(C$2,6,7)="3",HLOOKUP(C$1,Bilanço!$1:$151,MATCH(Çeyreklik!$A12,Bilanço!$A:$A,0),0),HLOOKUP(C$1,Bilanço!$1:$151,MATCH(Çeyreklik!$A12,Bilanço!$A:$A,0),0)-HLOOKUP(B$1,Bilanço!$1:$151,MATCH(Çeyreklik!$A12,Bilanço!$A:$A,0),0)),"") -> 808916000 | D12: =IFERROR(IF(MID(D$2,6,7)="3",HLOOKUP(D$1,Bilanço!$1:$151,MATCH(Çeyreklik!$A12,Bilanço!$A:$A,0),0),HLOOKUP(D$1,Bilanço!$1:$151,MATCH(Çeyreklik!$A12,Bilanço!$A:$A,0),0)-HLOOKUP(C$1,Bilanço!$1:$151,MATCH(Çeyreklik!$A12,Bilanço!$A:$A,0),0)),"") -> 824926000 | E12: =IFERROR(IF(MID(E$2,6,7)="3",HLOOKUP(E$1,Bilanço!$1:$151,MATCH(Çeyreklik!$A12,Bilanço!$A:$A,0),0),HLOOKUP(E$1,Bilanço!$1:$151,MATCH(Çeyreklik!$A12,Bilanço!$A:$A,0),0)-HLOOKUP(D$1,Bilanço!$1:$151,MATCH(Çeyreklik!$A12,Bilanço!$A:$A,0),0)),"") -> 862338000 | F12: =IFERROR(IF(MID(F$2,6,7)="3",HLOOKUP(F$1,Bilanço!$1:$151,MATCH(Çeyreklik!$A12,Bilanço!$A:$A,0),0),HLOOKUP(F$1,Bilanço!$1:$151,MATCH(Çeyreklik!$A12,Bilanço!$A:$A,0),0)-HLOOKUP(E$1,Bilanço!$1:$151,MATCH(Çeyreklik!$A12,Bilanço!$A:$A,0),0)),"") -> 711358000 | G12: =IFERROR(IF(MID(G$2,6,7)="3",HLOOKUP(G$1,Bilanço!$1:$151,MATCH(Çeyreklik!$A12,Bilanço!$A:$A,0),0),HLOOKUP(G$1,Bilanço!$1:$151,MATCH(Çeyreklik!$A12,Bilanço!$A:$A,0),0)-HLOOKUP(F$1,Bilanço!$1:$151,MATCH(Çeyreklik!$A12,Bilanço!$A:$A,0),0)),"") -> 804184000 | H12: =IFERROR(IF(MID(H$2,6,7)="3",HLOOKUP(H$1,Bilanço!$1:$151,MATCH(Çeyreklik!$A12,Bilanço!$A:$A,0),0),HLOOKUP(H$1,Bilanço!$1:$151,MATCH(Çeyreklik!$A12,Bilanço!$A:$A,0),0)-HLOOKUP(G$1,Bilanço!$1:$151,MATCH(Çeyreklik!$A12,Bilanço!$A:$A,0),0)),"") -> 1234535000 | I12: =IFERROR(IF(MID(I$2,6,7)="3",HLOOKUP(I$1,Bilanço!$1:$151,MATCH(Çeyreklik!$A12,Bilanço!$A:$A,0),0),HLOOKUP(I$1,Bilanço!$1:$151,MATCH(Çeyreklik!$A12,Bilanço!$A:$A,0),0)-HLOOKUP(H$1,Bilanço!$1:$151,MATCH(Çeyreklik!$A12,Bilanço!$A:$A,0),0)),"") -> 1849090000 | J12: =IFERROR(IF(MID(J$2,6,7)="3",HLOOKUP(J$1,Bilanço!$1:$151,MATCH(Çeyreklik!$A12,Bilanço!$A:$A,0),0),HLOOKUP(J$1,Bilanço!$1:$151,MATCH(Çeyreklik!$A12,Bilanço!$A:$A,0),0)-HLOOKUP(I$1,Bilanço!$1:$151,MATCH(Çeyreklik!$A12,Bilanço!$A:$A,0),0)),"") -> 1697710000 | ... W12: =IFERROR(IF(MID(W$2,6,7)="3",HLOOKUP(W$1,Bilanço!$1:$151,MATCH(Çeyreklik!$A12,Bilanço!$A:$A,0),0),HLOOKUP(W$1,Bilanço!$1:$151,MATCH(Çeyreklik!$A12,Bilanço!$A:$A,0),0)-HLOOKUP(V$1,Bilanço!$1:$151,MATCH(Çeyreklik!$A12,Bilanço!$A:$A,0),0)),"") -> 8618586000
A13: =Data!A84 -> Pazarlama, Satış ve Dağıtım Giderleri (-) | B13: =IFERROR(IF($B$2="2022/3",IF(MID(B$2,6,7)="3",HLOOKUP(B$1,Bilanço!$1:$151,MATCH(Çeyreklik!$A13,Bilanço!$A:$A,0),0),HLOOKUP(B$1,Bilanço!$1:$151,MATCH(Çeyreklik!$A13,Bilanço!$A:$A,0),0)-HLOOKUP(A$1,Bilanço!$1:$151,MATCH(Çeyreklik!$A13,Bilanço!$A:$A,0),0)),IF(MID(B$2,6,7)="3",HLOOKUP(B$1,Bilanço!$1:$151,MATCH(Çeyreklik!$A13,Bilanço!$A:$A,0),0),HLOOKUP(B$1,Bilanço!$1:$151,MATCH(Çeyreklik!$A13,Bilanço!$A:$A,0),0)-HLOOKUP(Bilanço!$B$1,Bilanço!$1:$151,MATCH(Çeyreklik!$A13,Bilanço!$A:$A,0),0))),"") -> -183824000 | C13: =IFERROR(IF(MID(C$2,6,7)="3",HLOOKUP(C$1,Bilanço!$1:$151,MATCH(Çeyreklik!$A13,Bilanço!$A:$A,0),0),HLOOKUP(C$1,Bilanço!$1:$151,MATCH(Çeyreklik!$A13,Bilanço!$A:$A,0),0)-HLOOKUP(B$1,Bilanço!$1:$151,MATCH(Çeyreklik!$A13,Bilanço!$A:$A,0),0)),"") -> -211600000 | D13: =IFERROR(IF(MID(D$2,6,7)="3",HLOOKUP(D$1,Bilanço!$1:$151,MATCH(Çeyreklik!$A13,Bilanço!$A:$A,0),0),HLOOKUP(D$1,Bilanço!$1:$151,MATCH(Çeyreklik!$A13,Bilanço!$A:$A,0),0)-HLOOKUP(C$1,Bilanço!$1:$151,MATCH(Çeyreklik!$A13,Bilanço!$A:$A,0),0)),"") -> -252009000 | E13: =IFERROR(IF(MID(E$2,6,7)="3",HLOOKUP(E$1,Bilanço!$1:$151,MATCH(Çeyreklik!$A13,Bilanço!$A:$A,0),0),HLOOKUP(E$1,Bilanço!$1:$151,MATCH(Çeyreklik!$A13,Bilanço!$A:$A,0),0)-HLOOKUP(D$1,Bilanço!$1:$151,MATCH(Çeyreklik!$A13,Bilanço!$A:$A,0),0)),"") -> -281943000 | F13: =IFERROR(IF(MID(F$2,6,7)="3",HLOOKUP(F$1,Bilanço!$1:$151,MATCH(Çeyreklik!$A13,Bilanço!$A:$A,0),0),HLOOKUP(F$1,Bilanço!$1:$151,MATCH(Çeyreklik!$A13,Bilanço!$A:$A,0),0)-HLOOKUP(E$1,Bilanço!$1:$151,MATCH(Çeyreklik!$A13,Bilanço!$A:$A,0),0)),"") -> -228232000 | G13: =IFERROR(IF(MID(G$2,6,7)="3",HLOOKUP(G$1,Bilanço!$1:$151,MATCH(Çeyreklik!$A13,Bilanço!$A:$A,0),0),HLOOKUP(G$1,Bilanço!$1:$151,MATCH(Çeyreklik!$A13,Bilanço!$A:$A,0),0)-HLOOKUP(F$1,Bilanço!$1:$151,MATCH(Çeyreklik!$A13,Bilanço!$A:$A,0),0)),"") -> -270405000 | H13: =IFERROR(IF(MID(H$2,6,7)="3",HLOOKUP(H$1,Bilanço!$1:$151,MATCH(Çeyreklik!$A13,Bilanço!$A:$A,0),0),HLOOKUP(H$1,Bilanço!$1:$151,MATCH(Çeyreklik!$A13,Bilanço!$A:$A,0),0)-HLOOKUP(G$1,Bilanço!$1:$151,MATCH(Çeyreklik!$A13,Bilanço!$A:$A,0),0)),"") -> -340018000 | I13: =IFERROR(IF(MID(I$2,6,7)="3",HLOOKUP(I$1,Bilanço!$1:$151,MATCH(Çeyreklik!$A13,Bilanço!$A:$A,0),0),HLOOKUP(I$1,Bilanço!$1:$151,MATCH(Çeyreklik!$A13,Bilanço!$A:$A,0),0)-HLOOKUP(H$1,Bilanço!$1:$151,MATCH(Çeyreklik!$A13,Bilanço!$A:$A,0),0)),"") -> -537250000 | J13: =IFERROR(IF(MID(J$2,6,7)="3",HLOOKUP(J$1,Bilanço!$1:$151,MATCH(Çeyreklik!$A13,Bilanço!$A:$A,0),0),HLOOKUP(J$1,Bilanço!$1:$151,MATCH(Çeyreklik!$A13,Bilanço!$A:$A,0),0)-HLOOKUP(I$1,Bilanço!$1:$151,MATCH(Çeyreklik!$A13,Bilanço!$A:$A,0),0)),"") -> -484019000 | ... W13: =IFERROR(IF(MID(W$2,6,7)="3",HLOOKUP(W$1,Bilanço!$1:$151,MATCH(Çeyreklik!$A13,Bilanço!$A:$A,0),0),HLOOKUP(W$1,Bilanço!$1:$151,MATCH(Çeyreklik!$A13,Bilanço!$A:$A,0),0)-HLOOKUP(V$1,Bilanço!$1:$151,MATCH(Çeyreklik!$A13,Bilanço!$A:$A,0),0)),"") -> -3156166000
A14: =Data!A85 -> Genel Yönetim Giderleri (-) | B14: =IFERROR(IF($B$2="2022/3",IF(MID(B$2,6,7)="3",HLOOKUP(B$1,Bilanço!$1:$151,MATCH(Çeyreklik!$A14,Bilanço!$A:$A,0),0),HLOOKUP(B$1,Bilanço!$1:$151,MATCH(Çeyreklik!$A14,Bilanço!$A:$A,0),0)-HLOOKUP(A$1,Bilanço!$1:$151,MATCH(Çeyreklik!$A14,Bilanço!$A:$A,0),0)),IF(MID(B$2,6,7)="3",HLOOKUP(B$1,Bilanço!$1:$151,MATCH(Çeyreklik!$A14,Bilanço!$A:$A,0),0),HLOOKUP(B$1,Bilanço!$1:$151,MATCH(Çeyreklik!$A14,Bilanço!$A:$A,0),0)-HLOOKUP(Bilanço!$B$1,Bilanço!$1:$151,MATCH(Çeyreklik!$A14,Bilanço!$A:$A,0),0))),"") -> -63808000 | C14: =IFERROR(IF(MID(C$2,6,7)="3",HLOOKUP(C$1,Bilanço!$1:$151,MATCH(Çeyreklik!$A14,Bilanço!$A:$A,0),0),HLOOKUP(C$1,Bilanço!$1:$151,MATCH(Çeyreklik!$A14,Bilanço!$A:$A,0),0)-HLOOKUP(B$1,Bilanço!$1:$151,MATCH(Çeyreklik!$A14,Bilanço!$A:$A,0),0)),"") -> -68253000 | D14: =IFERROR(IF(MID(D$2,6,7)="3",HLOOKUP(D$1,Bilanço!$1:$151,MATCH(Çeyreklik!$A14,Bilanço!$A:$A,0),0),HLOOKUP(D$1,Bilanço!$1:$151,MATCH(Çeyreklik!$A14,Bilanço!$A:$A,0),0)-HLOOKUP(C$1,Bilanço!$1:$151,MATCH(Çeyreklik!$A14,Bilanço!$A:$A,0),0)),"") -> -71437000 | E14: =IFERROR(IF(MID(E$2,6,7)="3",HLOOKUP(E$1,Bilanço!$1:$151,MATCH(Çeyreklik!$A14,Bilanço!$A:$A,0),0),HLOOKUP(E$1,Bilanço!$1:$151,MATCH(Çeyreklik!$A14,Bilanço!$A:$A,0),0)-HLOOKUP(D$1,Bilanço!$1:$151,MATCH(Çeyreklik!$A14,Bilanço!$A:$A,0),0)),"") -> -78118000 | F14: =IFERROR(IF(MID(F$2,6,7)="3",HLOOKUP(F$1,Bilanço!$1:$151,MATCH(Çeyreklik!$A14,Bilanço!$A:$A,0),0),HLOOKUP(F$1,Bilanço!$1:$151,MATCH(Çeyreklik!$A14,Bilanço!$A:$A,0),0)-HLOOKUP(E$1,Bilanço!$1:$151,MATCH(Çeyreklik!$A14,Bilanço!$A:$A,0),0)),"") -> -82745000 | G14: =IFERROR(IF(MID(G$2,6,7)="3",HLOOKUP(G$1,Bilanço!$1:$151,MATCH(Çeyreklik!$A14,Bilanço!$A:$A,0),0),HLOOKUP(G$1,Bilanço!$1:$151,MATCH(Çeyreklik!$A14,Bilanço!$A:$A,0),0)-HLOOKUP(F$1,Bilanço!$1:$151,MATCH(Çeyreklik!$A14,Bilanço!$A:$A,0),0)),"") -> -82105000 | H14: =IFERROR(IF(MID(H$2,6,7)="3",HLOOKUP(H$1,Bilanço!$1:$151,MATCH(Çeyreklik!$A14,Bilanço!$A:$A,0),0),HLOOKUP(H$1,Bilanço!$1:$151,MATCH(Çeyreklik!$A14,Bilanço!$A:$A,0),0)-HLOOKUP(G$1,Bilanço!$1:$151,MATCH(Çeyreklik!$A14,Bilanço!$A:$A,0),0)),"") -> -110713000 | I14: =IFERROR(IF(MID(I$2,6,7)="3",HLOOKUP(I$1,Bilanço!$1:$151,MATCH(Çeyreklik!$A14,Bilanço!$A:$A,0),0),HLOOKUP(I$1,Bilanço!$1:$151,MATCH(Çeyreklik!$A14,Bilanço!$A:$A,0),0)-HLOOKUP(H$1,Bilanço!$1:$151,MATCH(Çeyreklik!$A14,Bilanço!$A:$A,0),0)),"") -> -132796000 | J14: =IFERROR(IF(MID(J$2,6,7)="3",HLOOKUP(J$1,Bilanço!$1:$151,MATCH(Çeyreklik!$A14,Bilanço!$A:$A,0),0),HLOOKUP(J$1,Bilanço!$1:$151,MATCH(Çeyreklik!$A14,Bilanço!$A:$A,0),0)-HLOOKUP(I$1,Bilanço!$1:$151,MATCH(Çeyreklik!$A14,Bilanço!$A:$A,0),0)),"") -> -145579000 | ... W14: =IFERROR(IF(MID(W$2,6,7)="3",HLOOKUP(W$1,Bilanço!$1:$151,MATCH(Çeyreklik!$A14,Bilanço!$A:$A,0),0),HLOOKUP(W$1,Bilanço!$1:$151,MATCH(Çeyreklik!$A14,Bilanço!$A:$A,0),0)-HLOOKUP(V$1,Bilanço!$1:$151,MATCH(Çeyreklik!$A14,Bilanço!$A:$A,0),0)),"") -> -800168000
... A78: =Data!A149 -> Dönem Sonu Nakit | B78: =IFERROR(IF($B$2="2022/3",IF(MID(B$2,6,7)="3",HLOOKUP(B$1,Bilanço!$1:$151,MATCH(Çeyreklik!$A78,Bilanço!$A:$A,0),0),HLOOKUP(B$1,Bilanço!$1:$151,MATCH(Çeyreklik!$A78,Bilanço!$A:$A,0),0)-HLOOKUP(A$1,Bilanço!$1:$151,MATCH(Çeyreklik!$A78,Bilanço!$A:$A,0),0)),IF(MID(B$2,6,7)="3",HLOOKUP(B$1,Bilanço!$1:$151,MATCH(Çeyreklik!$A78,Bilanço!$A:$A,0),0),HLOOKUP(B$1,Bilanço!$1:$151,MATCH(Çeyreklik!$A78,Bilanço!$A:$A,0),0)-HLOOKUP(Bilanço!$B$1,Bilanço!$1:$151,MATCH(Çeyreklik!$A78,Bilanço!$A:$A,0),0))),"") -> 1736645000 | C78: =IFERROR(IF(MID(C$2,6,7)="3",HLOOKUP(C$1,Bilanço!$1:$151,MATCH(Çeyreklik!$A78,Bilanço!$A:$A,0),0),HLOOKUP(C$1,Bilanço!$1:$151,MATCH(Çeyreklik!$A78,Bilanço!$A:$A,0),0)-HLOOKUP(B$1,Bilanço!$1:$151,MATCH(Çeyreklik!$A78,Bilanço!$A:$A,0),0)),"") -> 582025000 | D78: =IFERROR(IF(MID(D$2,6,7)="3",HLOOKUP(D$1,Bilanço!$1:$151,MATCH(Çeyreklik!$A78,Bilanço!$A:$A,0),0),HLOOKUP(D$1,Bilanço!$1:$151,MATCH(Çeyreklik!$A78,Bilanço!$A:$A,0),0)-HLOOKUP(C$1,Bilanço!$1:$151,MATCH(Çeyreklik!$A78,Bilanço!$A:$A,0),0)),"") -> 297495000 | E78: =IFERROR(IF(MID(E$2,6,7)="3",HLOOKUP(E$1,Bilanço!$1:$151,MATCH(Çeyreklik!$A78,Bilanço!$A:$A,0),0),HLOOKUP(E$1,Bilanço!$1:$151,MATCH(Çeyreklik!$A78,Bilanço!$A:$A,0),0)-HLOOKUP(D$1,Bilanço!$1:$151,MATCH(Çeyreklik!$A78,Bilanço!$A:$A,0),0)),"") -> 3394555000 | F78: =IFERROR(IF(MID(F$2,6,7)="3",HLOOKUP(F$1,Bilanço!$1:$151,MATCH(Çeyreklik!$A78,Bilanço!$A:$A,0),0),HLOOKUP(F$1,Bilanço!$1:$151,MATCH(Çeyreklik!$A78,Bilanço!$A:$A,0),0)-HLOOKUP(E$1,Bilanço!$1:$151,MATCH(Çeyreklik!$A78,Bilanço!$A:$A,0),0)),"") -> -344618000 | G78: =IFERROR(IF(MID(G$2,6,7)="3",HLOOKUP(G$1,Bilanço!$1:$151,MATCH(Çeyreklik!$A78,Bilanço!$A:$A,0),0),HLOOKUP(G$1,Bilanço!$1:$151,MATCH(Çeyreklik!$A78,Bilanço!$A:$A,0),0)-HLOOKUP(F$1,Bilanço!$1:$151,MATCH(Çeyreklik!$A78,Bilanço!$A:$A,0),0)),"") -> -187328000 | H78: =IFERROR(IF(MID(H$2,6,7)="3",HLOOKUP(H$1,Bilanço!$1:$151,MATCH(Çeyreklik!$A78,Bilanço!$A:$A,0),0),HLOOKUP(H$1,Bilanço!$1:$151,MATCH(Çeyreklik!$A78,Bilanço!$A:$A,0),0)-HLOOKUP(G$1,Bilanço!$1:$151,MATCH(Çeyreklik!$A78,Bilanço!$A:$A,0),0)),"") -> 142225000 | I78: =IFERROR(IF(MID(I$2,6,7)="3",HLOOKUP(I$1,Bilanço!$1:$151,MATCH(Çeyreklik!$A78,Bilanço!$A:$A,0),0),HLOOKUP(I$1,Bilanço!$1:$151,MATCH(Çeyreklik!$A78,Bilanço!$A:$A,0),0)-HLOOKUP(H$1,Bilanço!$1:$151,MATCH(Çeyreklik!$A78,Bilanço!$A:$A,0),0)),"") -> 2985113000 | J78: =IFERROR(IF(MID(J$2,6,7)="3",HLOOKUP(J$1,Bilanço!$1:$151,MATCH(Çeyreklik!$A78,Bilanço!$A:$A,0),0),HLOOKUP(J$1,Bilanço!$1:$151,MATCH(Çeyreklik!$A78,Bilanço!$A:$A,0),0)-HLOOKUP(I$1,Bilanço!$1:$151,MATCH(Çeyreklik!$A78,Bilanço!$A:$A,0),0)),"") -> 338939000 | ... W78: =IFERROR(IF(MID(W$2,6,7)="3",HLOOKUP(W$1,Bilanço!$1:$151,MATCH(Çeyreklik!$A78,Bilanço!$A:$A,0),0),HLOOKUP(W$1,Bilanço!$1:$151,MATCH(Çeyreklik!$A78,Bilanço!$A:$A,0),0)-HLOOKUP(V$1,Bilanço!$1:$151,MATCH(Çeyreklik!$A78,Bilanço!$A:$A,0),0)),"") -> 2178868000
A79: FAVÖK | B79: =IFERROR(B12+(B13+B14+B15)+B45,"") -> 379779000 | C79: =IFERROR(C12+(C13+C14+C15)+C45,"") -> 579565000 | D79: =IFERROR(D12+(D13+D14+D15)+D45,"") -> 547549000 | E79: =IFERROR(E12+(E13+E14+E15)+E45,"") -> 546384000 | F79: =IFERROR(F12+(F13+F14+F15)+F45,"") -> 446624000 | G79: =IFERROR(G12+(G13+G14+G15)+G45,"") -> 502743000 | H79: =IFERROR(H12+(H13+H14+H15)+H45,"") -> 832608000 | I79: =IFERROR(I12+(I13+I14+I15)+I45,"") -> 1244625000 | ... W79: =IFERROR(W12+(W13+W14+W15)+W45,"") -> 5196782000

Sheet Yıllık
B1: =Çeyreklik!B1-3 -> 20 | C1: =B1-1 -> 19 | D1: =C1-1 -> 18 | E1: =D1-1 -> 17 | F1: =E1-1 -> 16 | G1: =F1-1 -> 15 | H1: =G1-1 -> 14 | I1: =H1-1 -> 13 | J1: =I1-1 -> 12 | ... T1: =S1-1 -> 2
A2: =Çeyreklik!A2 -> Bilanço | B2: =IFERROR(HLOOKUP(B$1,Data!$1:$149,ROW(Bilanço!$A2),0),"") -> 2021/3 | C2: =IFERROR(HLOOKUP(C$1,Data!$1:$149,ROW(Bilanço!$A2),0),"") -> 2021/6 | D2: =IFERROR(HLOOKUP(D$1,Data!$1:$149,ROW(Bilanço!$A2),0),"") -> 2021/9 | E2: =IFERROR(HLOOKUP(E$1,Data!$1:$149,ROW(Bilanço!$A2),0),"") -> 2021/12 | F2: =IFERROR(HLOOKUP(F$1,Data!$1:$149,ROW(Bilanço!$A2),0),"") -> 2022/3 | G2: =IFERROR(HLOOKUP(G$1,Data!$1:$149,ROW(Bilanço!$A2),0),"") -> 2022/6 | H2: =IFERROR(HLOOKUP(H$1,Data!$1:$149,ROW(Bilanço!$A2),0),"") -> 2022/9 | I2: =IFERROR(HLOOKUP(I$1,Data!$1:$149,ROW(Bilanço!$A2),0),"") -> 2022/12 | ... T2: =IFERROR(HLOOKUP(T$1,Data!$1:$149,ROW(Bilanço!$A2),0),"") -> 2025/9
A3: =Çeyreklik!A3 -> Satış Gelirleri | B3: =IF(AND(Çeyreklik!B3<>"",Çeyreklik!C3<>"",Çeyreklik!D3<>"",Çeyreklik!E3<>""),Çeyreklik!B3+Çeyreklik!C3+Çeyreklik!D3+Çeyreklik!E3,"") -> 10123261000 | C3: =IF(AND(Çeyreklik!C3<>"",Çeyreklik!D3<>"",Çeyreklik!E3<>"",Çeyreklik!F3<>""),Çeyreklik!C3+Çeyreklik!D3+Çeyreklik!E3+Çeyreklik!F3,"") -> 10637687000 | D3: =IF(AND(Çeyreklik!D3<>"",Çeyreklik!E3<>"",Çeyreklik!F3<>"",Çeyreklik!G3<>""),Çeyreklik!D3+Çeyreklik!E3+Çeyreklik!F3+Çeyreklik!G3,"") -> 11157975000 | E3: =IF(AND(Çeyreklik!E3<>"",Çeyreklik!F3<>"",Çeyreklik!G3<>"",Çeyreklik!H3<>""),Çeyreklik!E3+Çeyreklik!F3+Çeyreklik!G3+Çeyreklik!H3,"") -> 12537080000 | F3: =IF(AND(Çeyreklik!F3<>"",Çeyreklik!G3<>"",Çeyreklik!H3<>"",Çeyreklik!I3<>""),Çeyreklik!F3+Çeyreklik!G3+Çeyreklik!H3+Çeyreklik!I3,"") -> 15639341000 | G3: =IF(AND(Çeyreklik!G3<>"",Çeyreklik!H3<>"",Çeyreklik!I3<>"",Çeyreklik!J3<>""),Çeyreklik!G3+Çeyreklik!H3+Çeyreklik!I3+Çeyreklik!J3,"") -> 18971316000 | H3: =IF(AND(Çeyreklik!H3<>"",Çeyreklik!I3<>"",Çeyreklik!J3<>"",Çeyreklik!K3<>""),Çeyreklik!H3+Çeyreklik!I3+Çeyreklik!J3+Çeyreklik!K3,"") -> 23297003000 | I3: =IF(AND(Çeyreklik!I3<>"",Çeyreklik!J3<>"",Çeyreklik!K3<>"",Çeyreklik!L3<>""),Çeyreklik!I3+Çeyreklik!J3+Çeyreklik!K3+Çeyreklik!L3,"") -> 51981208000 | ... T3: =IF(AND(Çeyreklik!T3<>"",Çeyreklik!U3<>"",Çeyreklik!V3<>"",Çeyreklik!W3<>""),Çeyreklik!T3+Çeyreklik!U3+Çeyreklik!V3+Çeyreklik!W3,"") -> 109079207375
A4: =Çeyreklik!A4 -> Satışların Maliyeti (-) | B4: =IF(AND(Çeyreklik!B4<>"",Çeyreklik!C4<>"",Çeyreklik!D4<>"",Çeyreklik!E4<>""),Çeyreklik!B4+Çeyreklik!C4+Çeyreklik!D4+Çeyreklik!E4,"") -> -7039946000 | C4: =IF(AND(Çeyreklik!C4<>"",Çeyreklik!D4<>"",Çeyreklik!E4<>"",Çeyreklik!F4<>""),Çeyreklik!C4+Çeyreklik!D4+Çeyreklik!E4+Çeyreklik!F4,"") -> -7430149000 | D4: =IF(AND(Çeyreklik!D4<>"",Çeyreklik!E4<>"",Çeyreklik!F4<>"",Çeyreklik!G4<>""),Çeyreklik!D4+Çeyreklik!E4+Çeyreklik!F4+Çeyreklik!G4,"") -> -7955169000 | E4: =IF(AND(Çeyreklik!E4<>"",Çeyreklik!F4<>"",Çeyreklik!G4<>"",Çeyreklik!H4<>""),Çeyreklik!E4+Çeyreklik!F4+Çeyreklik!G4+Çeyreklik!H4,"") -> -8924665000 | F4: =IF(AND(Çeyreklik!F4<>"",Çeyreklik!G4<>"",Çeyreklik!H4<>"",Çeyreklik!I4<>""),Çeyreklik!F4+Çeyreklik!G4+Çeyreklik!H4+Çeyreklik!I4,"") -> -11040174000 | G4: =IF(AND(Çeyreklik!G4<>"",Çeyreklik!H4<>"",Çeyreklik!I4<>"",Çeyreklik!J4<>""),Çeyreklik!G4+Çeyreklik!H4+Çeyreklik!I4+Çeyreklik!J4,"") -> -13385797000 | H4: =IF(AND(Çeyreklik!H4<>"",Çeyreklik!I4<>"",Çeyreklik!J4<>"",Çeyreklik!K4<>""),Çeyreklik!H4+Çeyreklik!I4+Çeyreklik!J4+Çeyreklik!K4,"") -> -16494766000 | I4: =IF(AND(Çeyreklik!I4<>"",Çeyreklik!J4<>"",Çeyreklik!K4<>"",Çeyreklik!L4<>""),Çeyreklik!I4+Çeyreklik!J4+Çeyreklik!K4+Çeyreklik!L4,"") -> -40653018000 | ... T4: =IF(AND(Çeyreklik!T4<>"",Çeyreklik!U4<>"",Çeyreklik!V4<>"",Çeyreklik!W4<>""),Çeyreklik!T4+Çeyreklik!U4+Çeyreklik!V4+Çeyreklik!W4,"") -> -76405089344
A5: =Çeyreklik!A5 -> Ticari Faaliyetlerden Diğer Kar (Zarar) | B5: =IF(AND(Çeyreklik!B5<>"",Çeyreklik!C5<>"",Çeyreklik!D5<>"",Çeyreklik!E5<>""),Çeyreklik!B5+Çeyreklik!C5+Çeyreklik!D5+Çeyreklik!E5,"") -> 0 | C5: =IF(AND(Çeyreklik!C5<>"",Çeyreklik!D5<>"",Çeyreklik!E5<>"",Çeyreklik!F5<>""),Çeyreklik!C5+Çeyreklik!D5+Çeyreklik!E5+Çeyreklik!F5,"") -> 0 | D5: =IF(AND(Çeyreklik!D5<>"",Çeyreklik!E5<>"",Çeyreklik!F5<>"",Çeyreklik!G5<>""),Çeyreklik!D5+Çeyreklik!E5+Çeyreklik!F5+Çeyreklik!G5,"") -> 0 | E5: =IF(AND(Çeyreklik!E5<>"",Çeyreklik!F5<>"",Çeyreklik!G5<>"",Çeyreklik!H5<>""),Çeyreklik!E5+Çeyreklik!F5+Çeyreklik!G5+Çeyreklik!H5,"") -> 0 | F5: =IF(AND(Çeyreklik!F5<>"",Çeyreklik!G5<>"",Çeyreklik!H5<>"",Çeyreklik!I5<>""),Çeyreklik!F5+Çeyreklik!G5+Çeyreklik!H5+Çeyreklik!I5,"") -> 0 | G5: =IF(AND(Çeyreklik!G5<>"",Çeyreklik!H5<>"",Çeyreklik!I5<>"",Çeyreklik!J5<>""),Çeyreklik!G5+Çeyreklik!H5+Çeyreklik!I5+Çeyreklik!J5,"") -> 0 | H5: =IF(AND(Çeyreklik!H5<>"",Çeyreklik!I5<>"",Çeyreklik!J5<>"",Çeyreklik!K5<>""),Çeyreklik!H5+Çeyreklik!I5+Çeyreklik!J5+Çeyreklik!K5,"") -> 0 | I5: =IF(AND(Çeyreklik!I5<>"",Çeyreklik!J5<>"",Çeyreklik!K5<>"",Çeyreklik!L5<>""),Çeyreklik!I5+Çeyreklik!J5+Çeyreklik!K5+Çeyreklik!L5,"") -> 0 | ... T5: =IF(AND(Çeyreklik!T5<>"",Çeyreklik!U5<>"",Çeyreklik!V5<>"",Çeyreklik!W5<>""),Çeyreklik!T5+Çeyreklik!U5+Çeyreklik!V5+Çeyreklik!W5,"") -> 0
A6: =Çeyreklik!A6 -> Ticari Faaliyetlerden Brüt Kar (Zarar) | B6: =IF(AND(Çeyreklik!B6<>"",Çeyreklik!C6<>"",Çeyreklik!D6<>"",Çeyreklik!E6<>""),Çeyreklik!B6+Çeyreklik!C6+Çeyreklik!D6+Çeyreklik!E6,"") -> 3083315000 | C6: =IF(AND(Çeyreklik!C6<>"",Çeyreklik!D6<>"",Çeyreklik!E6<>"",Çeyreklik!F6<>""),Çeyreklik!C6+Çeyreklik!D6+Çeyreklik!E6+Çeyreklik!F6,"") -> 3207538000 | D6: =IF(AND(Çeyreklik!D6<>"",Çeyreklik!E6<>"",Çeyreklik!F6<>"",Çeyreklik!G6<>""),Çeyreklik!D6+Çeyreklik!E6+Çeyreklik!F6+Çeyreklik!G6,"") -> 3202806000 | E6: =IF(AND(Çeyreklik!E6<>"",Çeyreklik!F6<>"",Çeyreklik!G6<>"",Çeyreklik!H6<>""),Çeyreklik!E6+Çeyreklik!F6+Çeyreklik!G6+Çeyreklik!H6,"") -> 3612415000 | F6: =IF(AND(Çeyreklik!F6<>"",Çeyreklik!G6<>"",Çeyreklik!H6<>"",Çeyreklik!I6<>""),Çeyreklik!F6+Çeyreklik!G6+Çeyreklik!H6+Çeyreklik!I6,"") -> 4599167000 | G6: =IF(AND(Çeyreklik!G6<>"",Çeyreklik!H6<>"",Çeyreklik!I6<>"",Çeyreklik!J6<>""),Çeyreklik!G6+Çeyreklik!H6+Çeyreklik!I6+Çeyreklik!J6,"") -> 5585519000 | H6: =IF(AND(Çeyreklik!H6<>"",Çeyreklik!I6<>"",Çeyreklik!J6<>"",Çeyreklik!K6<>""),Çeyreklik!H6+Çeyreklik!I6+Çeyreklik!J6+Çeyreklik!K6,"") -> 6802237000 | I6: =IF(AND(Çeyreklik!I6<>"",Çeyreklik!J6<>"",Çeyreklik!K6<>"",Çeyreklik!L6<>""),Çeyreklik!I6+Çeyreklik!J6+Çeyreklik!K6+Çeyreklik!L6,"") -> 11328190000 | ... T6: =IF(AND(Çeyreklik!T6<>"",Çeyreklik!U6<>"",Çeyreklik!V6<>"",Çeyreklik!W6<>""),Çeyreklik!T6+Çeyreklik!U6+Çeyreklik!V6+Çeyreklik!W6,"") -> 32674118031
A7: =Çeyreklik!A7 -> Faiz, Ücret, Prim, Komisyon ve Diğer Gelirler | B7: =IF(AND(Çeyreklik!B7<>"",Çeyreklik!C7<>"",Çeyreklik!D7<>"",Çeyreklik!E7<>""),Çeyreklik!B7+Çeyreklik!C7+Çeyreklik!D7+Çeyreklik!E7,"") -> 0 | C7: =IF(AND(Çeyreklik!C7<>"",Çeyreklik!D7<>"",Çeyreklik!E7<>"",Çeyreklik!F7<>""),Çeyreklik!C7+Çeyreklik!D7+Çeyreklik!E7+Çeyreklik!F7,"") -> 0 | D7: =IF(AND(Çeyreklik!D7<>"",Çeyreklik!E7<>"",Çeyreklik!F7<>"",Çeyreklik!G7<>""),Çeyreklik!D7+Çeyreklik!E7+Çeyreklik!F7+Çeyreklik!G7,"") -> 0 | E7: =IF(AND(Çeyreklik!E7<>"",Çeyreklik!F7<>"",Çeyreklik!G7<>"",Çeyreklik!H7<>""),Çeyreklik!E7+Çeyreklik!F7+Çeyreklik!G7+Çeyreklik!H7,"") -> 0 | F7: =IF(AND(Çeyreklik!F7<>"",Çeyreklik!G7<>"",Çeyreklik!H7<>"",Çeyreklik!I7<>""),Çeyreklik!F7+Çeyreklik!G7+Çeyreklik!H7+Çeyreklik!I7,"") -> 0 | G7: =IF(AND(Çeyreklik!G7<>"",Çeyreklik!H7<>"",Çeyreklik!I7<>"",Çeyreklik!J7<>""),Çeyreklik!G7+Çeyreklik!H7+Çeyreklik!I7+Çeyreklik!J7,"") -> 0 | H7: =IF(AND(Çeyreklik!H7<>"",Çeyreklik!I7<>"",Çeyreklik!J7<>"",Çeyreklik!K7<>""),Çeyreklik!H7+Çeyreklik!I7+Çeyreklik!J7+Çeyreklik!K7,"") -> 0 | I7: =IF(AND(Çeyreklik!I7<>"",Çeyreklik!J7<>"",Çeyreklik!K7<>"",Çeyreklik!L7<>""),Çeyreklik!I7+Çeyreklik!J7+Çeyreklik!K7+Çeyreklik!L7,"") -> 0 | ... T7: =IF(AND(Çeyreklik!T7<>"",Çeyreklik!U7<>"",Çeyreklik!V7<>"",Çeyreklik!W7<>""),Çeyreklik!T7+Çeyreklik!U7+Çeyreklik!V7+Çeyreklik!W7,"") -> 0
A8: =Çeyreklik!A8 -> Faiz, Ücret, Prim, Komisyon ve Diğer Giderler (-) | B8: =IF(AND(Çeyreklik!B8<>"",Çeyreklik!C8<>"",Çeyreklik!D8<>"",Çeyreklik!E8<>""),Çeyreklik!B8+Çeyreklik!C8+Çeyreklik!D8+Çeyreklik!E8,"") -> 0 | C8: =IF(AND(Çeyreklik!C8<>"",Çeyreklik!D8<>"",Çeyreklik!E8<>"",Çeyreklik!F8<>""),Çeyreklik!C8+Çeyreklik!D8+Çeyreklik!E8+Çeyreklik!F8,"") -> 0 | D8: =IF(AND(Çeyreklik!D8<>"",Çeyreklik!E8<>"",Çeyreklik!F8<>"",Çeyreklik!G8<>""),Çeyreklik!D8+Çeyreklik!E8+Çeyreklik!F8+Çeyreklik!G8,"") -> 0 | E8: =IF(AND(Çeyreklik!E8<>"",Çeyreklik!F8<>"",Çeyreklik!G8<>"",Çeyreklik!H8<>""),Çeyreklik!E8+Çeyreklik!F8+Çeyreklik!G8+Çeyreklik!H8,"") -> 0 | F8: =IF(AND(Çeyreklik!F8<>"",Çeyreklik!G8<>"",Çeyreklik!H8<>"",Çeyreklik!I8<>""),Çeyreklik!F8+Çeyreklik!G8+Çeyreklik!H8+Çeyreklik!I8,"") -> 0 | G8: =IF(AND(Çeyreklik!G8<>"",Çeyreklik!H8<>"",Çeyreklik!I8<>"",Çeyreklik!J8<>""),Çeyreklik!G8+Çeyreklik!H8+Çeyreklik!I8+Çeyreklik!J8,"") -> 0 | H8: =IF(AND(Çeyreklik!H8<>"",Çeyreklik!I8<>"",Çeyreklik!J8<>"",Çeyreklik!K8<>""),Çeyreklik!H8+Çeyreklik!I8+Çeyreklik!J8+Çeyreklik!K8,"") -> 0 | I8: =IF(AND(Çeyreklik!I8<>"",Çeyreklik!J8<>"",Çeyreklik!K8<>"",Çeyreklik!L8<>""),Çeyreklik!I8+Çeyreklik!J8+Çeyreklik!K8+Çeyreklik!L8,"") -> 0 | ... T8: =IF(AND(Çeyreklik!T8<>"",Çeyreklik!U8<>"",Çeyreklik!V8<>"",Çeyreklik!W8<>""),Çeyreklik!T8+Çeyreklik!U8+Çeyreklik!V8+Çeyreklik!W8,"") -> 0
A9: =Çeyreklik!A9 -> Finans Sektörü Faaliyetlerinden Diğer Kar (Zarar) | B9: =IF(AND(Çeyreklik!B9<>"",Çeyreklik!C9<>"",Çeyreklik!D9<>"",Çeyreklik!E9<>""),Çeyreklik!B9+Çeyreklik!C9+Çeyreklik!D9+Çeyreklik!E9,"") -> 0 | C9: =IF(AND(Çeyreklik!C9<>"",Çeyreklik!D9<>"",Çeyreklik!E9<>"",Çeyreklik!F9<>""),Çeyreklik!C9+Çeyreklik!D9+Çeyreklik!E9+Çeyreklik!F9,"") -> 0 | D9: =IF(AND(Çeyreklik!D9<>"",Çeyreklik!E9<>"",Çeyreklik!F9<>"",Çeyreklik!G9<>""),Çeyreklik!D9+Çeyreklik!E9+Çeyreklik!F9+Çeyreklik!G9,"") -> 0 | E9: =IF(AND(Çeyreklik!E9<>"",Çeyreklik!F9<>"",Çeyreklik!G9<>"",Çeyreklik!H9<>""),Çeyreklik!E9+Çeyreklik!F9+Çeyreklik!G9+Çeyreklik!H9,"") -> 0 | F9: =IF(AND(Çeyreklik!F9<>"",Çeyreklik!G9<>"",Çeyreklik!H9<>"",Çeyreklik!I9<>""),Çeyreklik!F9+Çeyreklik!G9+Çeyreklik!H9+Çeyreklik!I9,"") -> 0 | G9: =IF(AND(Çeyreklik!G9<>"",Çeyreklik!H9<>"",Çeyreklik!I9<>"",Çeyreklik!J9<>""),Çeyreklik!G9+Çeyreklik!H9+Çeyreklik!I9+Çeyreklik!J9,"") -> 0 | H9: =IF(AND(Çeyreklik!H9<>"",Çeyreklik!I9<>"",Çeyreklik!J9<>"",Çeyreklik!K9<>""),Çeyreklik!H9+Çeyreklik!I9+Çeyreklik!J9+Çeyreklik!K9,"") -> 0 | I9: =IF(AND(Çeyreklik!I9<>"",Çeyreklik!J9<>"",Çeyreklik!K9<>"",Çeyreklik!L9<>""),Çeyreklik!I9+Çeyreklik!J9+Çeyreklik!K9+Çeyreklik!L9,"") -> 0 | ... T9: =IF(AND(Çeyreklik!T9<>"",Çeyreklik!U9<>"",Çeyreklik!V9<>"",Çeyreklik!W9<>""),Çeyreklik!T9+Çeyreklik!U9+Çeyreklik!V9+Çeyreklik!W9,"") -> 0
A10: =Çeyreklik!A10 -> Finans Sektörü Faaliyetlerinden Brüt Kar (Zarar) | B10: =IF(AND(Çeyreklik!B10<>"",Çeyreklik!C10<>"",Çeyreklik!D10<>"",Çeyreklik!E10<>""),Çeyreklik!B10+Çeyreklik!C10+Çeyreklik!D10+Çeyreklik!E10,"") -> 0 | C10: =IF(AND(Çeyreklik!C10<>"",Çeyreklik!D10<>"",Çeyreklik!E10<>"",Çeyreklik!F10<>""),Çeyreklik!C10+Çeyreklik!D10+Çeyreklik!E10+Çeyreklik!F10,"") -> 0 | D10: =IF(AND(Çeyreklik!D10<>"",Çeyreklik!E10<>"",Çeyreklik!F10<>"",Çeyreklik!G10<>""),Çeyreklik!D10+Çeyreklik!E10+Çeyreklik!F10+Çeyreklik!G10,"") -> 0 | E10: =IF(AND(Çeyreklik!E10<>"",Çeyreklik!F10<>"",Çeyreklik!G10<>"",Çeyreklik!H10<>""),Çeyreklik!E10+Çeyreklik!F10+Çeyreklik!G10+Çeyreklik!H10,"") -> 0 | F10: =IF(AND(Çeyreklik!F10<>"",Çeyreklik!G10<>"",Çeyreklik!H10<>"",Çeyreklik!I10<>""),Çeyreklik!F10+Çeyreklik!G10+Çeyreklik!H10+Çeyreklik!I10,"") -> 0 | G10: =IF(AND(Çeyreklik!G10<>"",Çeyreklik!H10<>"",Çeyreklik!I10<>"",Çeyreklik!J10<>""),Çeyreklik!G10+Çeyreklik!H10+Çeyreklik!I10+Çeyreklik!J10,"") -> 0 | H10: =IF(AND(Çeyreklik!H10<>"",Çeyreklik!I10<>"",Çeyreklik!J10<>"",Çeyreklik!K10<>""),Çeyreklik!H10+Çeyreklik!I10+Çeyreklik!J10+Çeyreklik!K10,"") -> 0 | I10: =IF(AND(Çeyreklik!I10<>"",Çeyreklik!J10<>"",Çeyreklik!K10<>"",Çeyreklik!L10<>""),Çeyreklik!I10+Çeyreklik!J10+Çeyreklik!K10+Çeyreklik!L10,"") -> 0 | ... T10: =IF(AND(Çeyreklik!T10<>"",Çeyreklik!U10<>"",Çeyreklik!V10<>"",Çeyreklik!W10<>""),Çeyreklik!T10+Çeyreklik!U10+Çeyreklik!V10+Çeyreklik!W10,"") -> 0
A11: =Çeyreklik!A11 -> Diğer Gelir ve Giderler | B11: =IF(AND(Çeyreklik!B11<>"",Çeyreklik!C11<>"",Çeyreklik!D11<>"",Çeyreklik!E11<>""),Çeyreklik!B11+Çeyreklik!C11+Çeyreklik!D11+Çeyreklik!E11,"") -> 0 | C11: =IF(AND(Çeyreklik!C11<>"",Çeyreklik!D11<>"",Çeyreklik!E11<>"",Çeyreklik!F11<>""),Çeyreklik!C11+Çeyreklik!D11+Çeyreklik!E11+Çeyreklik!F11,"") -> 0 | D11: =IF(AND(Çeyreklik!D11<>"",Çeyreklik!E11<>"",Çeyreklik!F11<>"",Çeyreklik!G11<>""),Çeyreklik!D11+Çeyreklik!E11+Çeyreklik!F11+Çeyreklik!G11,"") -> 0 | E11: =IF(AND(Çeyreklik!E11<>"",Çeyreklik!F11<>"",Çeyreklik!G11<>"",Çeyreklik!H11<>""),Çeyreklik!E11+Çeyreklik!F11+Çeyreklik!G11+Çeyreklik!H11,"") -> 0 | F11: =IF(AND(Çeyreklik!F11<>"",Çeyreklik!G11<>"",Çeyreklik!H11<>"",Çeyreklik!I11<>""),Çeyreklik!F11+Çeyreklik!G11+Çeyreklik!H11+Çeyreklik!I11,"") -> 0 | G11: =IF(AND(Çeyreklik!G11<>"",Çeyreklik!H11<>"",Çeyreklik!I11<>"",Çeyreklik!J11<>""),Çeyreklik!G11+Çeyreklik!H11+Çeyreklik!I11+Çeyreklik!J11,"") -> 0 | H11: =IF(AND(Çeyreklik!H11<>"",Çeyreklik!I11<>"",Çeyreklik!J11<>"",Çeyreklik!K11<>""),Çeyreklik!H11+Çeyreklik!I11+Çeyreklik!J11+Çeyreklik!K11,"") -> 0 | I11: =IF(AND(Çeyreklik!I11<>"",Çeyreklik!J11<>"",Çeyreklik!K11<>"",Çeyreklik!L11<>""),Çeyreklik!I11+Çeyreklik!J11+Çeyreklik!K11+Çeyreklik!L11,"") -> 0 | ... T11: =IF(AND(Çeyreklik!T11<>"",Çeyreklik!U11<>"",Çeyreklik!V11<>"",Çeyreklik!W11<>""),Çeyreklik!T11+Çeyreklik!U11+Çeyreklik!V11+Çeyreklik!W11,"") -> 0
A12: =Çeyreklik!A12 -> BRÜT KAR (ZARAR) | B12: =IF(AND(Çeyreklik!B12<>"",Çeyreklik!C12<>"",Çeyreklik!D12<>"",Çeyreklik!E12<>""),Çeyreklik!B12+Çeyreklik!C12+Çeyreklik!D12+Çeyreklik!E12,"") -> 3083315000 | C12: =IF(AND(Çeyreklik!C12<>"",Çeyreklik!D12<>"",Çeyreklik!E12<>"",Çeyreklik!F12<>""),Çeyreklik!C12+Çeyreklik!D12+Çeyreklik!E12+Çeyreklik!F12,"") -> 3207538000 | D12: =IF(AND(Çeyreklik!D12<>"",Çeyreklik!E12<>"",Çeyreklik!F12<>"",Çeyreklik!G12<>""),Çeyreklik!D12+Çeyreklik!E12+Çeyreklik!F12+Çeyreklik!G12,"") -> 3202806000 | E12: =IF(AND(Çeyreklik!E12<>"",Çeyreklik!F12<>"",Çeyreklik!G12<>"",Çeyreklik!H12<>""),Çeyreklik!E12+Çeyreklik!F12+Çeyreklik!G12+Çeyreklik!H12,"") -> 3612415000 | F12: =IF(AND(Çeyreklik!F12<>"",Çeyreklik!G12<>"",Çeyreklik!H12<>"",Çeyreklik!I12<>""),Çeyreklik!F12+Çeyreklik!G12+Çeyreklik!H12+Çeyreklik!I12,"") -> 4599167000 | G12: =IF(AND(Çeyreklik!G12<>"",Çeyreklik!H12<>"",Çeyreklik!I12<>"",Çeyreklik!J12<>""),Çeyreklik!G12+Çeyreklik!H12+Çeyreklik!I12+Çeyreklik!J12,"") -> 5585519000 | H12: =IF(AND(Çeyreklik!H12<>"",Çeyreklik!I12<>"",Çeyreklik!J12<>"",Çeyreklik!K12<>""),Çeyreklik!H12+Çeyreklik!I12+Çeyreklik!J12+Çeyreklik!K12,"") -> 6802237000 | I12: =IF(AND(Çeyreklik!I12<>"",Çeyreklik!J12<>"",Çeyreklik!K12<>"",Çeyreklik!L12<>""),Çeyreklik!I12+Çeyreklik!J12+Çeyreklik!K12+Çeyreklik!L12,"") -> 11328190000 | ... T12: =IF(AND(Çeyreklik!T12<>"",Çeyreklik!U12<>"",Çeyreklik!V12<>"",Çeyreklik!W12<>""),Çeyreklik!T12+Çeyreklik!U12+Çeyreklik!V12+Çeyreklik!W12,"") -> 32674118031
A13: =Çeyreklik!A13 -> Pazarlama, Satış ve Dağıtım Giderleri (-) | B13: =IF(AND(Çeyreklik!B13<>"",Çeyreklik!C13<>"",Çeyreklik!D13<>"",Çeyreklik!E13<>""),Çeyreklik!B13+Çeyreklik!C13+Çeyreklik!D13+Çeyreklik!E13,"") -> -929376000 | C13: =IF(AND(Çeyreklik!C13<>"",Çeyreklik!D13<>"",Çeyreklik!E13<>"",Çeyreklik!F13<>""),Çeyreklik!C13+Çeyreklik!D13+Çeyreklik!E13+Çeyreklik!F13,"") -> -973784000 | D13: =IF(AND(Çeyreklik!D13<>"",Çeyreklik!E13<>"",Çeyreklik!F13<>"",Çeyreklik!G13<>""),Çeyreklik!D13+Çeyreklik!E13+Çeyreklik!F13+Çeyreklik!G13,"") -> -1032589000 | E13: =IF(AND(Çeyreklik!E13<>"",Çeyreklik!F13<>"",Çeyreklik!G13<>"",Çeyreklik!H13<>""),Çeyreklik!E13+Çeyreklik!F13+Çeyreklik!G13+Çeyreklik!H13,"") -> -1120598000 | F13: =IF(AND(Çeyreklik!F13<>"",Çeyreklik!G13<>"",Çeyreklik!H13<>"",Çeyreklik!I13<>""),Çeyreklik!F13+Çeyreklik!G13+Çeyreklik!H13+Çeyreklik!I13,"") -> -1375905000 | G13: =IF(AND(Çeyreklik!G13<>"",Çeyreklik!H13<>"",Çeyreklik!I13<>"",Çeyreklik!J13<>""),Çeyreklik!G13+Çeyreklik!H13+Çeyreklik!I13+Çeyreklik!J13,"") -> -1631692000 | H13: =IF(AND(Çeyreklik!H13<>"",Çeyreklik!I13<>"",Çeyreklik!J13<>"",Çeyreklik!K13<>""),Çeyreklik!H13+Çeyreklik!I13+Çeyreklik!J13+Çeyreklik!K13,"") -> -2001658000 | I13: =IF(AND(Çeyreklik!I13<>"",Çeyreklik!J13<>"",Çeyreklik!K13<>"",Çeyreklik!L13<>""),Çeyreklik!I13+Çeyreklik!J13+Çeyreklik!K13+Çeyreklik!L13,"") -> -4389641000 | ... T13: =IF(AND(Çeyreklik!T13<>"",Çeyreklik!U13<>"",Çeyreklik!V13<>"",Çeyreklik!W13<>""),Çeyreklik!T13+Çeyreklik!U13+Çeyreklik!V13+Çeyreklik!W13,"") -> -12099013168
A14: =Çeyreklik!A14 -> Genel Yönetim Giderleri (-) | B14: =IF(AND(Çeyreklik!B14<>"",Çeyreklik!C14<>"",Çeyreklik!D14<>"",Çeyreklik!E14<>""),Çeyreklik!B14+Çeyreklik!C14+Çeyreklik!D14+Çeyreklik!E14,"") -> -281616000 | C14: =IF(AND(Çeyreklik!C14<>"",Çeyreklik!D14<>"",Çeyreklik!E14<>"",Çeyreklik!F14<>""),Çeyreklik!C14+Çeyreklik!D14+Çeyreklik!E14+Çeyreklik!F14,"") -> -300553000 | D14: =IF(AND(Çeyreklik!D14<>"",Çeyreklik!E14<>"",Çeyreklik!F14<>"",Çeyreklik!G14<>""),Çeyreklik!D14+Çeyreklik!E14+Çeyreklik!F14+Çeyreklik!G14,"") -> -314405000 | E14: =IF(AND(Çeyreklik!E14<>"",Çeyreklik!F14<>"",Çeyreklik!G14<>"",Çeyreklik!H14<>""),Çeyreklik!E14+Çeyreklik!F14+Çeyreklik!G14+Çeyreklik!H14,"") -> -353681000 | F14: =IF(AND(Çeyreklik!F14<>"",Çeyreklik!G14<>"",Çeyreklik!H14<>"",Çeyreklik!I14<>""),Çeyreklik!F14+Çeyreklik!G14+Çeyreklik!H14+Çeyreklik!I14,"") -> -408359000 | G14: =IF(AND(Çeyreklik!G14<>"",Çeyreklik!H14<>"",Çeyreklik!I14<>"",Çeyreklik!J14<>""),Çeyreklik!G14+Çeyreklik!H14+Çeyreklik!I14+Çeyreklik!J14,"") -> -471193000 | H14: =IF(AND(Çeyreklik!H14<>"",Çeyreklik!I14<>"",Çeyreklik!J14<>"",Çeyreklik!K14<>""),Çeyreklik!H14+Çeyreklik!I14+Çeyreklik!J14+Çeyreklik!K14,"") -> -583893000 | I14: =IF(AND(Çeyreklik!I14<>"",Çeyreklik!J14<>"",Çeyreklik!K14<>"",Çeyreklik!L14<>""),Çeyreklik!I14+Çeyreklik!J14+Çeyreklik!K14+Çeyreklik!L14,"") -> -1238763000 | ... T14: =IF(AND(Çeyreklik!T14<>"",Çeyreklik!U14<>"",Çeyreklik!V14<>"",Çeyreklik!W14<>""),Çeyreklik!T14+Çeyreklik!U14+Çeyreklik!V14+Çeyreklik!W14,"") -> -2898831137
... A78: =Çeyreklik!A78 -> Dönem Sonu Nakit | B78: =IF(AND(Çeyreklik!B78<>"",Çeyreklik!C78<>"",Çeyreklik!D78<>"",Çeyreklik!E78<>""),Çeyreklik!B78+Çeyreklik!C78+Çeyreklik!D78+Çeyreklik!E78,"") -> 6010720000 | C78: =IF(AND(Çeyreklik!C78<>"",Çeyreklik!D78<>"",Çeyreklik!E78<>"",Çeyreklik!F78<>""),Çeyreklik!C78+Çeyreklik!D78+Çeyreklik!E78+Çeyreklik!F78,"") -> 3929457000 | D78: =IF(AND(Çeyreklik!D78<>"",Çeyreklik!E78<>"",Çeyreklik!F78<>"",Çeyreklik!G78<>""),Çeyreklik!D78+Çeyreklik!E78+Çeyreklik!F78+Çeyreklik!G78,"") -> 3160104000 | E78: =IF(AND(Çeyreklik!E78<>"",Çeyreklik!F78<>"",Çeyreklik!G78<>"",Çeyreklik!H78<>""),Çeyreklik!E78+Çeyreklik!F78+Çeyreklik!G78+Çeyreklik!H78,"") -> 3004834000 | F78: =IF(AND(Çeyreklik!F78<>"",Çeyreklik!G78<>"",Çeyreklik!H78<>"",Çeyreklik!I78<>""),Çeyreklik!F78+Çeyreklik!G78+Çeyreklik!H78+Çeyreklik!I78,"") -> 2595392000 | G78: =IF(AND(Çeyreklik!G78<>"",Çeyreklik!H78<>"",Çeyreklik!I78<>"",Çeyreklik!J78<>""),Çeyreklik!G78+Çeyreklik!H78+Çeyreklik!I78+Çeyreklik!J78,"") -> 3278949000 | H78: =IF(AND(Çeyreklik!H78<>"",Çeyreklik!I78<>"",Çeyreklik!J78<>"",Çeyreklik!K78<>""),Çeyreklik!H78+Çeyreklik!I78+Çeyreklik!J78+Çeyreklik!K78,"") -> 3907636000 | I78: =IF(AND(Çeyreklik!I78<>"",Çeyreklik!J78<>"",Çeyreklik!K78<>"",Çeyreklik!L78<>""),Çeyreklik!I78+Çeyreklik!J78+Çeyreklik!K78+Çeyreklik!L78,"") -> 15249460000 | ... T78: =IF(AND(Çeyreklik!T78<>"",Çeyreklik!U78<>"",Çeyreklik!V78<>"",Çeyreklik!W78<>""),Çeyreklik!T78+Çeyreklik!U78+Çeyreklik!V78+Çeyreklik!W78,"") -> 31471851584
A79: FAVÖK | B79: =IF(AND(Çeyreklik!B79<>"",Çeyreklik!C79<>"",Çeyreklik!D79<>"",Çeyreklik!E79<>""),Çeyreklik!B79+Çeyreklik!C79+Çeyreklik!D79+Çeyreklik!E79,"") -> 2053277000 | C79: =IF(AND(Çeyreklik!C79<>"",Çeyreklik!D79<>"",Çeyreklik!E79<>"",Çeyreklik!F79<>""),Çeyreklik!C79+Çeyreklik!D79+Çeyreklik!E79+Çeyreklik!F79,"") -> 2120122000 | D79: =IF(AND(Çeyreklik!D79<>"",Çeyreklik!E79<>"",Çeyreklik!F79<>"",Çeyreklik!G79<>""),Çeyreklik!D79+Çeyreklik!E79+Çeyreklik!F79+Çeyreklik!G79,"") -> 2043300000 | E79: =IF(AND(Çeyreklik!E79<>"",Çeyreklik!F79<>"",Çeyreklik!G79<>"",Çeyreklik!H79<>""),Çeyreklik!E79+Çeyreklik!F79+Çeyreklik!G79+Çeyreklik!H79,"") -> 2328359000 | F79: =IF(AND(Çeyreklik!F79<>"",Çeyreklik!G79<>"",Çeyreklik!H79<>"",Çeyreklik!I79<>""),Çeyreklik!F79+Çeyreklik!G79+Çeyreklik!H79+Çeyreklik!I79,"") -> 3026600000 | G79: =IF(AND(Çeyreklik!G79<>"",Çeyreklik!H79<>"",Çeyreklik!I79<>"",Çeyreklik!J79<>""),Çeyreklik!G79+Çeyreklik!H79+Çeyreklik!I79+Çeyreklik!J79,"") -> 3714347000 | H79: =IF(AND(Çeyreklik!H79<>"",Çeyreklik!I79<>"",Çeyreklik!J79<>"",Çeyreklik!K79<>""),Çeyreklik!H79+Çeyreklik!I79+Çeyreklik!J79+Çeyreklik!K79,"") -> 4465354000 | I79: =IF(AND(Çeyreklik!I79<>"",Çeyreklik!J79<>"",Çeyreklik!K79<>"",Çeyreklik!L79<>""),Çeyreklik!I79+Çeyreklik!J79+Çeyreklik!K79+Çeyreklik!L79,"") -> 6702904000 | ... T79: =IF(AND(Çeyreklik!T79<>"",Çeyreklik!U79<>"",Çeyreklik!V79<>"",Çeyreklik!W79<>""),Çeyreklik!T79+Çeyreklik!U79+Çeyreklik!V79+Çeyreklik!W79,"") -> 19453056075
A81: HBK | B81: =B40/HLOOKUP(B$2,Bilanço!$2:$62,61,0) -> 4.710038 | C81: =C40/HLOOKUP(C$2,Bilanço!$2:$62,61,0) -> 3.8814035 | D81: =D40/HLOOKUP(D$2,Bilanço!$2:$62,61,0) -> 3.0833772 | E81: =E40/HLOOKUP(E$2,Bilanço!$2:$62,61,0) -> -1.3576959 | F81: =F40/HLOOKUP(F$2,Bilanço!$2:$62,61,0) -> -3.9946901 | G81: =G40/HLOOKUP(G$2,Bilanço!$2:$62,61,0) -> -6.5376287 | H81: =H40/HLOOKUP(H$2,Bilanço!$2:$62,61,0) -> -7.1795439 | I81: =I40/HLOOKUP(I$2,Bilanço!$2:$62,61,0) -> 2.8795117 | ... T81: =T40/HLOOKUP(T$2,Bilanço!$2:$62,61,0) -> 21.685637
A83: Amorttisman/FAVÖK | B83: =B45/B79 -> 0.10142372 | C83: =C45/C79 -> 0.10311624 | D83: =D45/D79 -> 0.10863309 | E83: =E45/E79 -> 0.098785883 | F83: =F45/F79 -> 0.084286658 | G83: =G45/G79 -> 0.076043784 | H83: =H45/H79 -> 0.06985538 | I83: =I45/I79 -> 0.17421807 | ... T83: =T45/T79 -> 0.12454124

Sheet Dikey Analiz
B1: 6 | D1: 2 | I1: 6 | K1: 2
A2: =Data!A2 -> Bilanço | B2: =IFERROR(HLOOKUP(B$1,Data!$1:$73,ROW('Dikey Analiz'!$A2),0),"") -> 2024/9 | C2: % | D2: =IFERROR(HLOOKUP(D$1,Data!$1:$73,ROW('Dikey Analiz'!$A2),0),"") -> 2025/9 | E2: % | I2: =IFERROR(HLOOKUP(I$1,Data!$1:$73,ROW('Dikey Analiz'!$A2),0),"") -> 2024/9 | J2: % | K2: =IFERROR(HLOOKUP(K$1,Data!$1:$73,ROW('Dikey Analiz'!$A2),0),"") -> 2025/9 | L2: % | M2: Değişim %
A3: =Data!A3 -> Dönen Varlıklar | B3: =IFERROR(HLOOKUP(B$1,Data!$1:$73,ROW('Dikey Analiz'!$A3),0),"") -> 58862926000 | C3: =IF(B3/$B$31=0,"",B3/$B$31) -> 0.65492187 | D3: =IFERROR(HLOOKUP(D$1,Data!$1:$73,ROW('Dikey Analiz'!$A3),0),"") -> 90083589000 | E3: =IF(D3/D$31=0,"",D3/D$31) -> 0.69719506 | H3: =Data!A74 -> Satış Gelirleri | I3: =VLOOKUP($H3,Data!$A:$I,'Dikey Analiz'!I$1,0) -> 77330367000 | J3: =IF(I3/I$3=0,"",I3/I$3) -> 1 | K3: =VLOOKUP($H3,Data!$A:$I,'Dikey Analiz'!K$1,0) -> 80925915000 | L3: =IF(K3/K$3=0,"",K3/K$3) -> 1 | M3: =IFERROR(K3/I3-1,"") -> 0.046495939
A4: =Data!A4 -> Nakit ve Nakit Benzerleri | B4: =IFERROR(HLOOKUP(B$1,Data!$1:$73,ROW('Dikey Analiz'!$A4),0),"") -> 23329331000 | C4: =IF(B4/$B$31=0,"",B4/$B$31) -> 0.25956727 | D4: =IFERROR(HLOOKUP(D$1,Data!$1:$73,ROW('Dikey Analiz'!$A4),0),"") -> 29570256000 | E4: =IF(D4/D$31=0,"",D4/D$31) -> 0.22885674 | H4: =Data!A75 -> Satışların Maliyeti (-) | I4: =VLOOKUP($H4,Data!$A:$I,'Dikey Analiz'!I$1,0) -> -54106872000 | J4: =IF(I4/I$3=0,"",I4/I$3) -> -0.69968467 | K4: =VLOOKUP($H4,Data!$A:$I,'Dikey Analiz'!K$1,0) -> -56468934000 | L4: =IF(K4/K$3=0,"",K4/K$3) -> -0.69778555 | M4: =IFERROR(K4/I4-1,"") -> 0.04365549
A5: =Data!A5 -> Finansal Yatırımlar | B5: =IFERROR(HLOOKUP(B$1,Data!$1:$73,ROW('Dikey Analiz'!$A5),0),"") -> 4825000 | C5: =IF(B5/$B$31=0,"",B5/$B$31) -> 5.3684012e-05 | D5: =IFERROR(HLOOKUP(D$1,Data!$1:$73,ROW('Dikey Analiz'!$A5),0),"") -> 6245000 | E5: =IF(D5/D$31=0,"",D5/D$31) -> 4.8332701e-05 | H5: =Data!A76 -> Ticari Faaliyetlerden Diğer Kar (Zarar) | I5: =VLOOKUP($H5,Data!$A:$I,'Dikey Analiz'!I$1,0) -> 0 | J5: =IF(I5/I$3=0,"",I5/I$3) | K5: =VLOOKUP($H5,Data!$A:$I,'Dikey Analiz'!K$1,0) -> 0 | L5: =IF(K5/K$3=0,"",K5/K$3) | M5: =IFERROR(K5/I5-1,"")
A6: =Data!A6 -> Ticari Alacaklar | B6: =IFERROR(HLOOKUP(B$1,Data!$1:$73,ROW('Dikey Analiz'!$A6),0),"") -> 18441357000 | C6: =IF(B6/$B$31=0,"",B6/$B$31) -> 0.2051826 | D6: =IFERROR(HLOOKUP(D$1,Data!$1:$73,ROW('Dikey Analiz'!$A6),0),"") -> 29618330000 | E6: =IF(D6/D$31=0,"",D6/D$31) -> 0.2292288 | H6: =Data!A77 -> Ticari Faaliyetlerden Brüt Kar (Zarar) | I6: =VLOOKUP($H6,Data!$A:$I,'Dikey Analiz'!I$1,0) -> 23223495000 | J6: =IF(I6/I$3=0,"",I6/I$3) -> 0.30031533 | K6: =VLOOKUP($H6,Data!$A:$I,'Dikey Analiz'!K$1,0) -> 24456981000 | L6: =IF(K6/K$3=0,"",K6/K$3) -> 0.30221445 | M6: =IFERROR(K6/I6-1,"") -> 0.053113711
A7: =Data!A7 -> Finans Sektörü Faaliyetlerinden Alacaklar | B7: =IFERROR(HLOOKUP(B$1,Data!$1:$73,ROW('Dikey Analiz'!$A7),0),"") -> 0 | C7: =IF(B7/$B$31=0,"",B7/$B$31) | D7: =IFERROR(HLOOKUP(D$1,Data!$1:$73,ROW('Dikey Analiz'!$A7),0),"") -> 0 | E7: =IF(D7/D$31=0,"",D7/D$31) | H7: =Data!A78 -> Faiz, Ücret, Prim, Komisyon ve Diğer Gelirler | I7: =VLOOKUP($H7,Data!$A:$I,'Dikey Analiz'!I$1,0) -> 0 | J7: =IF(I7/I$3=0,"",I7/I$3) | K7: =VLOOKUP($H7,Data!$A:$I,'Dikey Analiz'!K$1,0) -> 0 | L7: =IF(K7/K$3=0,"",K7/K$3) | M7: =IFERROR(K7/I7-1,"")
A8: =Data!A8 -> Diğer Alacaklar | B8: =IFERROR(HLOOKUP(B$1,Data!$1:$73,ROW('Dikey Analiz'!$A8),0),"") -> 2518982000 | C8: =IF(B8/$B$31=0,"",B8/$B$31) -> 0.028026748 | D8: =IFERROR(HLOOKUP(D$1,Data!$1:$73,ROW('Dikey Analiz'!$A8),0),"") -> 2530647000 | E8: =IF(D8/D$31=0,"",D8/D$31) -> 0.019585749 | H8: =Data!A79 -> Faiz, Ücret, Prim, Komisyon ve Diğer Giderler (-) | I8: =VLOOKUP($H8,Data!$A:$I,'Dikey Analiz'!I$1,0) -> 0 | J8: =IF(I8/I$3=0,"",I8/I$3) | K8: =VLOOKUP($H8,Data!$A:$I,'Dikey Analiz'!K$1,0) -> 0 | L8: =IF(K8/K$3=0,"",K8/K$3) | M8: =IFERROR(K8/I8-1,"")
A9: =Data!A9 -> Müşteri Sözleşmelerinden Doğan Varlıklar | B9: =IFERROR(HLOOKUP(B$1,Data!$1:$73,ROW('Dikey Analiz'!$A9),0),"") -> 0 | C9: =IF(B9/$B$31=0,"",B9/$B$31) | D9: =IFERROR(HLOOKUP(D$1,Data!$1:$73,ROW('Dikey Analiz'!$A9),0),"") -> 0 | E9: =IF(D9/D$31=0,"",D9/D$31) | H9: =Data!A80 -> Finans Sektörü Faaliyetlerinden Diğer Kar (Zarar) | I9: =VLOOKUP($H9,Data!$A:$I,'Dikey Analiz'!I$1,0) -> 0 | J9: =IF(I9/I$3=0,"",I9/I$3) | K9: =VLOOKUP($H9,Data!$A:$I,'Dikey Analiz'!K$1,0) -> 0 | L9: =IF(K9/K$3=0,"",K9/K$3) | M9: =IFERROR(K9/I9-1,"")
A10: =Data!A10 -> Stoklar | B10: =IFERROR(HLOOKUP(B$1,Data!$1:$73,ROW('Dikey Analiz'!$A10),0),"") -> 10998733000 | C10: =IF(B10/$B$31=0,"",B10/$B$31) -> 0.12237432 | D10: =IFERROR(HLOOKUP(D$1,Data!$1:$73,ROW('Dikey Analiz'!$A10),0),"") -> 23046205000 | E10: =IF(D10/D$31=0,"",D10/D$31) -> 0.17836434 | H10: =Data!A81 -> Finans Sektörü Faaliyetlerinden Brüt Kar (Zarar) | I10: =VLOOKUP($H10,Data!$A:$I,'Dikey Analiz'!I$1,0) -> 0 | J10: =IF(I10/I$3=0,"",I10/I$3) | K10: =VLOOKUP($H10,Data!$A:$I,'Dikey Analiz'!K$1,0) -> 0 | L10: =IF(K10/K$3=0,"",K10/K$3) | M10: =IFERROR(K10/I10-1,"")
A11: =Data!A11 -> Canlı Varlıklar | B11: =IFERROR(HLOOKUP(B$1,Data!$1:$73,ROW('Dikey Analiz'!$A11),0),"") -> 0 | C11: =IF(B11/$B$31=0,"",B11/$B$31) | D11: =IFERROR(HLOOKUP(D$1,Data!$1:$73,ROW('Dikey Analiz'!$A11),0),"") -> 0 | E11: =IF(D11/D$31=0,"",D11/D$31) | H11: =Data!A82 -> Diğer Gelir ve Giderler | I11: =VLOOKUP($H11,Data!$A:$I,'Dikey Analiz'!I$1,0) -> 0 | J11: =IF(I11/I$3=0,"",I11/I$3) | K11: =VLOOKUP($H11,Data!$A:$I,'Dikey Analiz'!K$1,0) -> 0 | L11: =IF(K11/K$3=0,"",K11/K$3) | M11: =IFERROR(K11/I11-1,"")
A12: =Data!A12 -> Diğer Dönen Varlıklar | B12: =IFERROR(HLOOKUP(B$1,Data!$1:$73,ROW('Dikey Analiz'!$A12),0),"") -> 3569698000 | C12: =IF(B12/$B$31=0,"",B12/$B$31) -> 0.039717246 | D12: =IFERROR(HLOOKUP(D$1,Data!$1:$73,ROW('Dikey Analiz'!$A12),0),"") -> 5311906000 | E12: =IF(D12/D$31=0,"",D12/D$31) -> 0.041111091 | H12: =Data!A83 -> BRÜT KAR (ZARAR) | I12: =VLOOKUP($H12,Data!$A:$I,'Dikey Analiz'!I$1,0) -> 23223495000 | J12: =IF(I12/I$3=0,"",I12/I$3) -> 0.30031533 | K12: =VLOOKUP($H12,Data!$A:$I,'Dikey Analiz'!K$1,0) -> 24456981000 | L12: =IF(K12/K$3=0,"",K12/K$3) -> 0.30221445 | M12: =IFERROR(K12/I12-1,"") -> 0.053113711
A13: =Data!A13 -> (Ara Toplam) | B13: =IFERROR(HLOOKUP(B$1,Data!$1:$73,ROW('Dikey Analiz'!$A13),0),"") -> 58862926000 | C13: =IF(B13/$B$31=0,"",B13/$B$31) -> 0.65492187 | D13: =IFERROR(HLOOKUP(D$1,Data!$1:$73,ROW('Dikey Analiz'!$A13),0),"") -> 90083589000 | E13: =IF(D13/D$31=0,"",D13/D$31) -> 0.69719506 | H13: =Data!A84 -> Pazarlama, Satış ve Dağıtım Giderleri (-) | I13: =VLOOKUP($H13,Data!$A:$I,'Dikey Analiz'!I$1,0) -> -7936163000 | J13: =IF(I13/I$3=0,"",I13/I$3) -> -0.10262673 | K13: =VLOOKUP($H13,Data!$A:$I,'Dikey Analiz'!K$1,0) -> -9247760000 | L13: =IF(K13/K$3=0,"",K13/K$3) -> -0.1142744 | M13: =IFERROR(K13/I13-1,"") -> 0.1652684
A14: =Data!A14 -> Satış Amacıyla Elde Tutulan Duran Varlıklar | B14: =IFERROR(HLOOKUP(B$1,Data!$1:$73,ROW('Dikey Analiz'!$A14),0),"") -> 0 | C14: =IF(B14/$B$31=0,"",B14/$B$31) | D14: =IFERROR(HLOOKUP(D$1,Data!$1:$73,ROW('Dikey Analiz'!$A14),0),"") -> 0 | E14: =IF(D14/D$31=0,"",D14/D$31) | H14: =Data!A85 -> Genel Yönetim Giderleri (-) | I14: =VLOOKUP($H14,Data!$A:$I,'Dikey Analiz'!I$1,0) -> -2100192000 | J14: =IF(I14/I$3=0,"",I14/I$3) -> -0.027158697 | K14: =VLOOKUP($H14,Data!$A:$I,'Dikey Analiz'!K$1,0) -> -2144839000 | L14: =IF(K14/K$3=0,"",K14/K$3) -> -0.026503735 | M14: =IFERROR(K14/I14-1,"") -> 0.021258533
... A40: =Data!A40 -> Devlet Teşvik ve Yardımları | B40: =IFERROR(HLOOKUP(B$1,Data!$1:$73,ROW('Dikey Analiz'!$A40),0),"") -> 0 | C40: =IF(B40/$B$31=0,"",B40/$B$31) | D40: =IFERROR(HLOOKUP(D$1,Data!$1:$73,ROW('Dikey Analiz'!$A40),0),"") -> 0 | E40: =IF(D40/D$31=0,"",D40/D$31) | H40: =Data!A111 -> Ana Ortaklık Payları | I40: =VLOOKUP($H40,Data!$A:$I,'Dikey Analiz'!I$1,0) -> 5867970000 | J40: =IF(I40/I$3=0,"",I40/I$3) -> 0.075881833 | K40: =VLOOKUP($H40,Data!$A:$I,'Dikey Analiz'!K$1,0) -> 4593516000 | L40: =IF(K40/K$3=0,"",K40/K$3) -> 0.05676199 | M40: =IFERROR(K40/I40-1,"") -> -0.21718823
A41: =Data!A41 -> Ertelenmiş Gelirler (Müşteri Söz. Doğan Yük. Dış.Kal.) | B41: =IFERROR(HLOOKUP(B$1,Data!$1:$73,ROW('Dikey Analiz'!$A41),0),"") -> 76492000 | C41: =IF(B41/$B$31=0,"",B41/$B$31) -> 0.00085106683 | D41: =IFERROR(HLOOKUP(D$1,Data!$1:$73,ROW('Dikey Analiz'!$A41),0),"") -> 76076000 | E41: =IF(D41/D$31=0,"",D41/D$31) -> 0.00058878439
A42: =Data!A42 -> Dönem Karı Vergi Yükümlülüğü | B42: =IFERROR(HLOOKUP(B$1,Data!$1:$73,ROW('Dikey Analiz'!$A42),0),"") -> 274723000 | C42: =IF(B42/$B$31=0,"",B42/$B$31) -> 0.0030566286 | D42: =IFERROR(HLOOKUP(D$1,Data!$1:$73,ROW('Dikey Analiz'!$A42),0),"") -> 636709000 | E42: =IF(D42/D$31=0,"",D42/D$31) -> 0.0049277607
A43: =Data!A43 -> Borç Karşılıkları | B43: =IFERROR(HLOOKUP(B$1,Data!$1:$73,ROW('Dikey Analiz'!$A43),0),"") -> 1647778000 | C43: =IF(B43/$B$31=0,"",B43/$B$31) -> 0.018333541 | D43: =IFERROR(HLOOKUP(D$1,Data!$1:$73,ROW('Dikey Analiz'!$A43),0),"") -> 2287036000 | E43: =IF(D43/D$31=0,"",D43/D$31) -> 0.01770034
A44: =Data!A44 -> Diğer Kısa Vadeli Yükümlülükler | B44: =IFERROR(HLOOKUP(B$1,Data!$1:$73,ROW('Dikey Analiz'!$A44),0),"") -> 1002059000 | C44: =IF(B44/$B$31=0,"",B44/$B$31) -> 0.011149129 | D44: =IFERROR(HLOOKUP(D$1,Data!$1:$73,ROW('Dikey Analiz'!$A44),0),"") -> 1147878000 | E44: =IF(D44/D$31=0,"",D44/D$31) -> 0.0088839141
A45: =Data!A45 -> (Ara Toplam) | B45: =IFERROR(HLOOKUP(B$1,Data!$1:$73,ROW('Dikey Analiz'!$A45),0),"") -> 17692904000 | C45: =IF(B45/$B$31=0,"",B45/$B$31) -> 0.19685514 | D45: =IFERROR(HLOOKUP(D$1,Data!$1:$73,ROW('Dikey Analiz'!$A45),0),"") -> 60835483000 | E45: =IF(D45/D$31=0,"",D45/D$31) -> 0.47083158
A46: =Data!A46 -> Satış Amaçlı Elde Tutulan Duran Varlıklara İlişkin Yükümlülükler | B46: =IFERROR(HLOOKUP(B$1,Data!$1:$73,ROW('Dikey Analiz'!$A46),0),"") -> 0 | C46: =IF(B46/$B$31=0,"",B46/$B$31) | D46: =IFERROR(HLOOKUP(D$1,Data!$1:$73,ROW('Dikey Analiz'!$A46),0),"") -> 0 | E46: =IF(D46/D$31=0,"",D46/D$31)
A47: =Data!A47 -> Uzun Vadeli Yükümlülükler | B47: =IFERROR(HLOOKUP(B$1,Data!$1:$73,ROW('Dikey Analiz'!$A47),0),"") -> 43137967000 | C47: =IF(B47/$B$31=0,"",B47/$B$31) -> 0.47996252 | D47: =IFERROR(HLOOKUP(D$1,Data!$1:$73,ROW('Dikey Analiz'!$A47),0),"") -> 25789527000 | E47: =IF(D47/D$31=0,"",D47/D$31) -> 0.19959607
A48: =Data!A48 -> Finansal Borçlar | B48: =IFERROR(HLOOKUP(B$1,Data!$1:$73,ROW('Dikey Analiz'!$A48),0),"") -> 39885968000 | C48: =IF(B48/$B$31=0,"",B48/$B$31) -> 0.44378006 | D48: =IFERROR(HLOOKUP(D$1,Data!$1:$73,ROW('Dikey Analiz'!$A48),0),"") -> 21513932000 | E48: =IF(D48/D$31=0,"",D48/D$31) -> 0.16650543
A49: =Data!A49 -> Diğer Finansal Yükümlülükler | B49: =IFERROR(HLOOKUP(B$1,Data!$1:$73,ROW('Dikey Analiz'!$A49),0),"") -> 0 | C49: =IF(B49/$B$31=0,"",B49/$B$31) | D49: =IFERROR(HLOOKUP(D$1,Data!$1:$73,ROW('Dikey Analiz'!$A49),0),"") -> 0 | E49: =IF(D49/D$31=0,"",D49/D$31)
A50: =Data!A50 -> Ticari Borçlar | B50: =IFERROR(HLOOKUP(B$1,Data!$1:$73,ROW('Dikey Analiz'!$A50),0),"") -> 0 | C50: =IF(B50/$B$31=0,"",B50/$B$31) | D50: =IFERROR(HLOOKUP(D$1,Data!$1:$73,ROW('Dikey Analiz'!$A50),0),"") -> 0 | E50: =IF(D50/D$31=0,"",D50/D$31)
A51: =Data!A51 -> Diğer Borçlar | B51: =IFERROR(HLOOKUP(B$1,Data!$1:$73,ROW('Dikey Analiz'!$A51),0),"") -> 0 | C51: =IF(B51/$B$31=0,"",B51/$B$31) | D51: =IFERROR(HLOOKUP(D$1,Data!$1:$73,ROW('Dikey Analiz'!$A51),0),"") -> 0 | E51: =IF(D51/D$31=0,"",D51/D$31)
A52: =Data!A52 -> Müşteri Söz.Doğan Yük. | B52: =IFERROR(HLOOKUP(B$1,Data!$1:$73,ROW('Dikey Analiz'!$A52),0),"") -> 0 | C52: =IF(B52/$B$31=0,"",B52/$B$31) | D52: =IFERROR(HLOOKUP(D$1,Data!$1:$73,ROW('Dikey Analiz'!$A52),0),"") -> 0 | E52: =IF(D52/D$31=0,"",D52/D$31)
... A73: =Data!A73 -> Sürdürülen Faaliyetler | B73: =IFERROR(HLOOKUP(B$1,Data!$1:$73,ROW('Dikey Analiz'!$A73),0),"") -> 0 | C73: =IF(B73/$B$31=0,"",B73/$B$31) | D73: =IFERROR(HLOOKUP(D$1,Data!$1:$73,ROW('Dikey Analiz'!$A73),0),"") -> 0 | E73: =IF(D73/D$31=0,"",D73/D$31)

Sheet Analiz
B1: =IF(B4<>"",COLUMN(B4),"") -> 2 | C1: =IF($B$3-$C$3=1,COLUMN(C4),COLUMN(C4)+2) -> 3 | D1: =C1+1 -> 4 | E1: =D1+1 -> 5 | F1: =E1+1 -> 6 | G1: =F1+1 -> 7 | H1: =G1+1 -> 8 | I1: =H1+1 -> 9 | J1: =I1+1 -> 10 | K1: =J1+1 -> 11 | ... Z1: =Y1+1 -> 26
B2: =B3 -> 24 | C2: =B2-1 -> 23 | D2: =C2-1 -> 22 | E2: =D2-1 -> 21 | F2: =E2-1 -> 20 | G2: =F2-1 -> 19 | H2: =G2-1 -> 18 | I2: =H2-1 -> 17 | J2: =I2-1 -> 16 | ... Z2: =Y2-1 -> 0
B3: =COUNT(Data!$1:$1)+1 -> 24 | C3: =IF(AND(Bilanço!C3=0,Bilanço!D3=0),($B$3+1)-COLUMN(D3),($B$3+1)-COLUMN(B3)) -> 23 | D3: =C3-1 -> 22 | E3: =D3-1 -> 21 | F3: =E3-1 -> 20 | G3: =F3-1 -> 19 | H3: =G3-1 -> 18 | I3: =H3-1 -> 17 | J3: =I3-1 -> 16 | K3: =J3-1 -> 15 | ... Z3: =Y3-1 -> 0
B4: =IFERROR(HLOOKUP(B$3,Data!$1:$149,ROW(Bilanço!$A2),0),"") -> 2020/3 | C4: =IFERROR(HLOOKUP(C$3,Data!$1:$149,ROW(Bilanço!$A2),0),"") -> 2020/6 | D4: =IFERROR(HLOOKUP(D$3,Data!$1:$149,ROW(Bilanço!$A2),0),"") -> 2020/9 | E4: =IFERROR(HLOOKUP(E$3,Data!$1:$149,ROW(Bilanço!$A2),0),"") -> 2020/12 | F4: =IFERROR(HLOOKUP(F$3,Data!$1:$149,ROW(Bilanço!$A2),0),"") -> 2021/3 | G4: =IFERROR(HLOOKUP(G$3,Data!$1:$149,ROW(Bilanço!$A2),0),"") -> 2021/6 | H4: =IFERROR(HLOOKUP(H$3,Data!$1:$149,ROW(Bilanço!$A2),0),"") -> 2021/9 | I4: =IFERROR(HLOOKUP(I$3,Data!$1:$149,ROW(Bilanço!$A2),0),"") -> 2021/12 | ... X4: =IFERROR(HLOOKUP(X$3,Data!$1:$149,ROW(Bilanço!$A2),0),"") -> 2025/9
A5: =Data!A3 -> Dönen Varlıklar | B5: =IFERROR(VLOOKUP($A5,Bilanço!$A:$X,Analiz!B$1,0),"") -> 9224526000 | C5: =IFERROR(VLOOKUP($A5,Bilanço!$A:$X,Analiz!C$1,0),"") -> 10298815000 | D5: =IFERROR(VLOOKUP($A5,Bilanço!$A:$X,Analiz!D$1,0),"") -> 11927735000 | E5: =IFERROR(VLOOKUP($A5,Bilanço!$A:$X,Analiz!E$1,0),"") -> 14701119000 | F5: =IFERROR(VLOOKUP($A5,Bilanço!$A:$X,Analiz!F$1,0),"") -> 15365396000 | G5: =IFERROR(VLOOKUP($A5,Bilanço!$A:$X,Analiz!G$1,0),"") -> 15405235000 | H5: =IFERROR(VLOOKUP($A5,Bilanço!$A:$X,Analiz!H$1,0),"") -> 13852909000 | I5: =IFERROR(VLOOKUP($A5,Bilanço!$A:$X,Analiz!I$1,0),"") -> 18764940000 | ... X5: =IFERROR(VLOOKUP($A5,Bilanço!$A:$X,Analiz!X$1,0),"") -> 90083589000
C6: =IFERROR(C5-B5,"") -> 1074289000 | D6: =IFERROR(D5-C5,"") -> 1628920000 | E6: =IFERROR(E5-D5,"") -> 2773384000 | F6: =IFERROR(F5-E5,"") -> 664277000 | G6: =IFERROR(G5-F5,"") -> 39839000 | H6: =IFERROR(H5-G5,"") -> -1552326000 | I6: =IFERROR(I5-H5,"") -> 4912031000 | J6: =IFERROR(J5-I5,"") -> 2189622000 | ... X6: =IFERROR(X5-W5,"") -> 5415391000
A7: =Data!A10 -> Stoklar | B7: =IFERROR(VLOOKUP($A7,Bilanço!$A:$X,Analiz!B$1,0),"") -> 671929000 | C7: =IFERROR(VLOOKUP($A7,Bilanço!$A:$X,Analiz!C$1,0),"") -> 804703000 | D7: =IFERROR(VLOOKUP($A7,Bilanço!$A:$X,Analiz!D$1,0),"") -> 897909000 | E7: =IFERROR(VLOOKUP($A7,Bilanço!$A:$X,Analiz!E$1,0),"") -> 1695858000 | F7: =IFERROR(VLOOKUP($A7,Bilanço!$A:$X,Analiz!F$1,0),"") -> 928950000 | G7: =IFERROR(VLOOKUP($A7,Bilanço!$A:$X,Analiz!G$1,0),"") -> 961339000 | H7: =IFERROR(VLOOKUP($A7,Bilanço!$A:$X,Analiz!H$1,0),"") -> 2028702000 | I7: =IFERROR(VLOOKUP($A7,Bilanço!$A:$X,Analiz!I$1,0),"") -> 3218231000 | ... X7: =IFERROR(VLOOKUP($A7,Bilanço!$A:$X,Analiz!X$1,0),"") -> 23046205000
C8: =IFERROR(C7-B7,"") -> 132774000 | D8: =IFERROR(D7-C7,"") -> 93206000 | E8: =IFERROR(E7-D7,"") -> 797949000 | F8: =IFERROR(F7-E7,"") -> -766908000 | G8: =IFERROR(G7-F7,"") -> 32389000 | H8: =IFERROR(H7-G7,"") -> 1067363000 | I8: =IFERROR(I7-H7,"") -> 1189529000 | J8: =IFERROR(J7-I7,"") -> 526662000 | ... X8: =IFERROR(X7-W7,"") -> -524907000
A9: =Data!A6 -> Ticari Alacaklar | B9: =IFERROR(VLOOKUP($A9,Bilanço!$A:$X,Analiz!B$1,0),"") -> 2726899000 | C9: =IFERROR(VLOOKUP($A9,Bilanço!$A:$X,Analiz!C$1,0),"") -> 2577242000 | D9: =IFERROR(VLOOKUP($A9,Bilanço!$A:$X,Analiz!D$1,0),"") -> 2889558000 | E9: =IFERROR(VLOOKUP($A9,Bilanço!$A:$X,Analiz!E$1,0),"") -> 3092000000 | F9: =IFERROR(VLOOKUP($A9,Bilanço!$A:$X,Analiz!F$1,0),"") -> 3256697000 | G9: =IFERROR(VLOOKUP($A9,Bilanço!$A:$X,Analiz!G$1,0),"") -> 3284920000 | H9: =IFERROR(VLOOKUP($A9,Bilanço!$A:$X,Analiz!H$1,0),"") -> 3642113000 | I9: =IFERROR(VLOOKUP($A9,Bilanço!$A:$X,Analiz!I$1,0),"") -> 4687911000 | ... X9: =IFERROR(VLOOKUP($A9,Bilanço!$A:$X,Analiz!X$1,0),"") -> 29618330000
C10: =IFERROR(C9-B9,"") -> -149657000 | D10: =IFERROR(D9-C9,"") -> 312316000 | E10: =IFERROR(E9-D9,"") -> 202442000 | F10: =IFERROR(F9-E9,"") -> 164697000 | G10: =IFERROR(G9-F9,"") -> 28223000 | H10: =IFERROR(H9-G9,"") -> 357193000 | I10: =IFERROR(I9-H9,"") -> 1045798000 | J10: =IFERROR(J9-I9,"") -> 1168162000 | ... X10: =IFERROR(X9-W9,"") -> 3096307000
A11: =Data!A36 -> Ticari Borçlar | B11: =IFERROR(VLOOKUP($A11,Bilanço!$A:$X,Analiz!B$1,0),"") -> 1163014000 | C11: =IFERROR(VLOOKUP($A11,Bilanço!$A:$X,Analiz!C$1,0),"") -> 954499000 | D11: =IFERROR(VLOOKUP($A11,Bilanço!$A:$X,Analiz!D$1,0),"") -> 1001858000 | E11: =IFERROR(VLOOKUP($A11,Bilanço!$A:$X,Analiz!E$1,0),"") -> 1275410000 | F11: =IFERROR(VLOOKUP($A11,Bilanço!$A:$X,Analiz!F$1,0),"") -> 1417206000 | G11: =IFERROR(VLOOKUP($A11,Bilanço!$A:$X,Analiz!G$1,0),"") -> 1416899000 | H11: =IFERROR(VLOOKUP($A11,Bilanço!$A:$X,Analiz!H$1,0),"") -> 1371172000 | I11: =IFERROR(VLOOKUP($A11,Bilanço!$A:$X,Analiz!I$1,0),"") -> 2270421000 | ... X11: =IFERROR(VLOOKUP($A11,Bilanço!$A:$X,Analiz!X$1,0),"") -> 9726239000
C12: =IFERROR(C11-B11,"") -> -208515000 | D12: =IFERROR(D11-C11,"") -> 47359000 | E12: =IFERROR(E11-D11,"") -> 273552000 | F12: =IFERROR(F11-E11,"") -> 141796000 | G12: =IFERROR(G11-F11,"") -> -307000 | H12: =IFERROR(H11-G11,"") -> -45727000 | I12: =IFERROR(I11-H11,"") -> 899249000 | J12: =IFERROR(J11-I11,"") -> 679173000 | ... X12: =IFERROR(X11-W11,"") -> -303466000
A13: =Data!A15 -> Duran Varlıklar | B13: =IFERROR(VLOOKUP($A13,Bilanço!$A:$X,Analiz!B$1,0),"") -> 4127780000 | C13: =IFERROR(VLOOKUP($A13,Bilanço!$A:$X,Analiz!C$1,0),"") -> 4347719000 | D13: =IFERROR(VLOOKUP($A13,Bilanço!$A:$X,Analiz!D$1,0),"") -> 4563249000 | E13: =IFERROR(VLOOKUP($A13,Bilanço!$A:$X,Analiz!E$1,0),"") -> 4790555000 | F13: =IFERROR(VLOOKUP($A13,Bilanço!$A:$X,Analiz!F$1,0),"") -> 4803511000 | G13: =IFERROR(VLOOKUP($A13,Bilanço!$A:$X,Analiz!G$1,0),"") -> 4890296000 | H13: =IFERROR(VLOOKUP($A13,Bilanço!$A:$X,Analiz!H$1,0),"") -> 5033462000 | I13: =IFERROR(VLOOKUP($A13,Bilanço!$A:$X,Analiz!I$1,0),"") -> 7478685000 | ... X13: =IFERROR(VLOOKUP($A13,Bilanço!$A:$X,Analiz!X$1,0),"") -> 39124999000
C14: =IFERROR(C13-B13,"") -> 219939000 | D14: =IFERROR(D13-C13,"") -> 215530000 | E14: =IFERROR(E13-D13,"") -> 227306000 | F14: =IFERROR(F13-E13,"") -> 12956000 | G14: =IFERROR(G13-F13,"") -> 86785000 | H14: =IFERROR(H13-G13,"") -> 143166000 | I14: =IFERROR(I13-H13,"") -> 2445223000 | J14: =IFERROR(J13-I13,"") -> 327437000 | ... X14: =IFERROR(X13-W13,"") -> 2077734000
A15: =Data!A61 -> Ana Ortaklığa Ait Özkaynaklar | B15: =IFERROR(VLOOKUP($A15,Bilanço!$A:$X,Analiz!B$1,0),"") -> 4320951000 | C15: =IFERROR(VLOOKUP($A15,Bilanço!$A:$X,Analiz!C$1,0),"") -> 4970991000 | D15: =IFERROR(VLOOKUP($A15,Bilanço!$A:$X,Analiz!D$1,0),"") -> 5372639000 | E15: =IFERROR(VLOOKUP($A15,Bilanço!$A:$X,Analiz!E$1,0),"") -> 6036780000 | F15: =IFERROR(VLOOKUP($A15,Bilanço!$A:$X,Analiz!F$1,0),"") -> 6266620000 | G15: =IFERROR(VLOOKUP($A15,Bilanço!$A:$X,Analiz!G$1,0),"") -> 6232316000 | H15: =IFERROR(VLOOKUP($A15,Bilanço!$A:$X,Analiz!H$1,0),"") -> 2800809000 | I15: =IFERROR(VLOOKUP($A15,Bilanço!$A:$X,Analiz!I$1,0),"") -> 2986714000 | ... X15: =IFERROR(VLOOKUP($A15,Bilanço!$A:$X,Analiz!X$1,0),"") -> 40151407000
C16: =IFERROR(C15-B15,"") -> 650040000 | D16: =IFERROR(D15-C15,"") -> 401648000 | E16: =IFERROR(E15-D15,"") -> 664141000 | F16: =IFERROR(F15-E15,"") -> 229840000 | G16: =IFERROR(G15-F15,"") -> -34304000 | H16: =IFERROR(H15-G15,"") -> -3431507000 | I16: =IFERROR(I15-H15,"") -> 185905000 | J16: =IFERROR(J15-I15,"") -> -398552000 | ... X16: =IFERROR(X15-W15,"") -> 4034751000
A17: =Data!A33 -> Kısa Vadeli Yükümlülükler | B17: =IFERROR(VLOOKUP($A17,Bilanço!$A:$X,Analiz!B$1,0),"") -> 7422098000 | C17: =IFERROR(VLOOKUP($A17,Bilanço!$A:$X,Analiz!C$1,0),"") -> 4960025000 | D17: =IFERROR(VLOOKUP($A17,Bilanço!$A:$X,Analiz!D$1,0),"") -> 5627811000 | E17: =IFERROR(VLOOKUP($A17,Bilanço!$A:$X,Analiz!E$1,0),"") -> 3230685000 | F17: =IFERROR(VLOOKUP($A17,Bilanço!$A:$X,Analiz!F$1,0),"") -> 2965605000 | G17: =IFERROR(VLOOKUP($A17,Bilanço!$A:$X,Analiz!G$1,0),"") -> 2897939000 | H17: =IFERROR(VLOOKUP($A17,Bilanço!$A:$X,Analiz!H$1,0),"") -> 4209866000 | I17: =IFERROR(VLOOKUP($A17,Bilanço!$A:$X,Analiz!I$1,0),"") -> 6134222000 | ... X17: =IFERROR(VLOOKUP($A17,Bilanço!$A:$X,Analiz!X$1,0),"") -> 60835483000
C18: =IFERROR(C17-B17,"") -> -2462073000 | D18: =IFERROR(D17-C17,"") -> 667786000 | E18: =IFERROR(E17-D17,"") -> -2397126000 | F18: =IFERROR(F17-E17,"") -> -265080000 | G18: =IFERROR(G17-F17,"") -> -67666000 | H18: =IFERROR(H17-G17,"") -> 1311927000 | I18: =IFERROR(I17-H17,"") -> 1924356000 | J18: =IFERROR(J17-I17,"") -> 1123012000 | ... X18: =IFERROR(X17-W17,"") -> 2376778000
A19: =Data!A47 -> Uzun Vadeli Yükümlülükler | B19: =IFERROR(VLOOKUP($A19,Bilanço!$A:$X,Analiz!B$1,0),"") -> 1000094000 | C19: =IFERROR(VLOOKUP($A19,Bilanço!$A:$X,Analiz!C$1,0),"") -> 4057727000 | D19: =IFERROR(VLOOKUP($A19,Bilanço!$A:$X,Analiz!D$1,0),"") -> 4723797000 | E19: =IFERROR(VLOOKUP($A19,Bilanço!$A:$X,Analiz!E$1,0),"") -> 9444296000 | F19: =IFERROR(VLOOKUP($A19,Bilanço!$A:$X,Analiz!F$1,0),"") -> 10103946000 | G19: =IFERROR(VLOOKUP($A19,Bilanço!$A:$X,Analiz!G$1,0),"") -> 10294116000 | H19: =IFERROR(VLOOKUP($A19,Bilanço!$A:$X,Analiz!H$1,0),"") -> 10962464000 | I19: =IFERROR(VLOOKUP($A19,Bilanço!$A:$X,Analiz!I$1,0),"") -> 15795501000 | ... X19: =IFERROR(VLOOKUP($A19,Bilanço!$A:$X,Analiz!X$1,0),"") -> 25789527000
C20: =IFERROR(C19-B19,"") -> 3057633000 | D20: =IFERROR(D19-C19,"") -> 666070000 | E20: =IFERROR(E19-D19,"") -> 4720499000 | F20: =IFERROR(F19-E19,"") -> 659650000 | G20: =IFERROR(G19-F19,"") -> 190170000 | H20: =IFERROR(H19-G19,"") -> 668348000 | I20: =IFERROR(I19-H19,"") -> 4833037000 | J20: =IFERROR(J19-I19,"") -> 1613141000 | ... X20: =IFERROR(X19-W19,"") -> 906324000
A21: =Data!A74 -> Satış Gelirleri | B21: =IFERROR(VLOOKUP($A21,Bilanço!$A:$X,Analiz!B$1,0),"") -> 2376126000 | C21: =IFERROR(VLOOKUP($A21,Bilanço!$A:$X,Analiz!C$1,0),"") -> 4520767000 | D21: =IFERROR(VLOOKUP($A21,Bilanço!$A:$X,Analiz!D$1,0),"") -> 6976612000 | E21: =IFERROR(VLOOKUP($A21,Bilanço!$A:$X,Analiz!E$1,0),"") -> 9715630000 | F21: =IFERROR(VLOOKUP($A21,Bilanço!$A:$X,Analiz!F$1,0),"") -> 2783757000 | G21: =IFERROR(VLOOKUP($A21,Bilanço!$A:$X,Analiz!G$1,0),"") -> 5442824000 | H21: =IFERROR(VLOOKUP($A21,Bilanço!$A:$X,Analiz!H$1,0),"") -> 8418957000 | I21: =IFERROR(VLOOKUP($A21,Bilanço!$A:$X,Analiz!I$1,0),"") -> 12537080000 | ... X21: =IFERROR(VLOOKUP($A21,Bilanço!$A:$X,Analiz!X$1,0),"") -> 80925915000
C22: =IFERROR(C21-B21,"") -> 2144641000 | D22: =IFERROR(D21-C21,"") -> 2455845000 | E22: =IFERROR(E21-D21,"") -> 2739018000 | F22: =IFERROR(F21-E21,"") -> -6931873000 | G22: =IFERROR(G21-F21,"") -> 2659067000 | H22: =IFERROR(H21-G21,"") -> 2976133000 | I22: =IFERROR(I21-H21,"") -> 4118123000 | J22: =IFERROR(J21-I21,"") -> -6651062000 | ... X22: =IFERROR(X21-W21,"") -> 29286362000
A23: =Data!A83 -> BRÜT KAR (ZARAR) | B23: =IFERROR(VLOOKUP($A23,Bilanço!$A:$X,Analiz!B$1,0),"") -> 716281000 | C23: =IFERROR(VLOOKUP($A23,Bilanço!$A:$X,Analiz!C$1,0),"") -> 1303416000 | D23: =IFERROR(VLOOKUP($A23,Bilanço!$A:$X,Analiz!D$1,0),"") -> 2112332000 | E23: =IFERROR(VLOOKUP($A23,Bilanço!$A:$X,Analiz!E$1,0),"") -> 2937258000 | F23: =IFERROR(VLOOKUP($A23,Bilanço!$A:$X,Analiz!F$1,0),"") -> 862338000 | G23: =IFERROR(VLOOKUP($A23,Bilanço!$A:$X,Analiz!G$1,0),"") -> 1573696000 | H23: =IFERROR(VLOOKUP($A23,Bilanço!$A:$X,Analiz!H$1,0),"") -> 2377880000 | I23: =IFERROR(VLOOKUP($A23,Bilanço!$A:$X,Analiz!I$1,0),"") -> 3612415000 | ... X23: =IFERROR(VLOOKUP($A23,Bilanço!$A:$X,Analiz!X$1,0),"") -> 24456981000
C24: =IFERROR(C23-B23,"") -> 587135000 | D24: =IFERROR(D23-C23,"") -> 808916000 | E24: =IFERROR(E23-D23,"") -> 824926000 | F24: =IFERROR(F23-E23,"") -> -2074920000 | G24: =IFERROR(G23-F23,"") -> 711358000 | H24: =IFERROR(H23-G23,"") -> 804184000 | I24: =IFERROR(I23-H23,"") -> 1234535000 | J24: =IFERROR(J23-I23,"") -> -1763325000 | ... X24: =IFERROR(X23-W23,"") -> 8618586000
A25: =Data!A91 -> Net Faaliyet Kar/Zararı | B25: =IFERROR(VLOOKUP($A25,Bilanço!$A:$X,Analiz!B$1,0),"") -> 371152000 | C25: =IFERROR(VLOOKUP($A25,Bilanço!$A:$X,Analiz!C$1,0),"") -> 705161000 | D25: =IFERROR(VLOOKUP($A25,Bilanço!$A:$X,Analiz!D$1,0),"") -> 1228698000 | E25: =IFERROR(VLOOKUP($A25,Bilanço!$A:$X,Analiz!E$1,0),"") -> 1722766000 | F25: =IFERROR(VLOOKUP($A25,Bilanço!$A:$X,Analiz!F$1,0),"") -> 493412000 | G25: =IFERROR(VLOOKUP($A25,Bilanço!$A:$X,Analiz!G$1,0),"") -> 883898000 | H25: =IFERROR(VLOOKUP($A25,Bilanço!$A:$X,Analiz!H$1,0),"") -> 1327262000 | I25: =IFERROR(VLOOKUP($A25,Bilanço!$A:$X,Analiz!I$1,0),"") -> 2098350000 | ... X25: =IFERROR(VLOOKUP($A25,Bilanço!$A:$X,Analiz!X$1,0),"") -> 12611523000
C26: =IFERROR(C25-B25,"") -> 334009000 | D26: =IFERROR(D25-C25,"") -> 523537000 | E26: =IFERROR(E25-D25,"") -> 494068000 | F26: =IFERROR(F25-E25,"") -> -1229354000 | G26: =IFERROR(G25-F25,"") -> 390486000 | H26: =IFERROR(H25-G25,"") -> 443364000 | I26: =IFERROR(I25-H25,"") -> 771088000 | J26: =IFERROR(J25-I25,"") -> -931790000 | ... X26: =IFERROR(X25-W25,"") -> 4491793000
A27: =Data!A111 -> Ana Ortaklık Payları | B27: =IFERROR(VLOOKUP($A27,Bilanço!$A:$X,Analiz!B$1,0),"") -> -98292000 | C27: =IFERROR(VLOOKUP($A27,Bilanço!$A:$X,Analiz!C$1,0),"") -> 406151000 | D27: =IFERROR(VLOOKUP($A27,Bilanço!$A:$X,Analiz!D$1,0),"") -> 681533000 | E27: =IFERROR(VLOOKUP($A27,Bilanço!$A:$X,Analiz!E$1,0),"") -> 1081394000 | F27: =IFERROR(VLOOKUP($A27,Bilanço!$A:$X,Analiz!F$1,0),"") -> 431147000 | G27: =IFERROR(VLOOKUP($A27,Bilanço!$A:$X,Analiz!G$1,0),"") -> 652197000 | H27: =IFERROR(VLOOKUP($A27,Bilanço!$A:$X,Analiz!H$1,0),"") -> 654654000 | I27: =IFERROR(VLOOKUP($A27,Bilanço!$A:$X,Analiz!I$1,0),"") -> -464332000 | ... X27: =IFERROR(VLOOKUP($A27,Bilanço!$A:$X,Analiz!X$1,0),"") -> 4593516000
C28: =IFERROR(C27-B27,"") -> 504443000 | D28: =IFERROR(D27-C27,"") -> 275382000 | E28: =IFERROR(E27-D27,"") -> 399861000 | F28: =IFERROR(F27-E27,"") -> -650247000 | G28: =IFERROR(G27-F27,"") -> 221050000 | H28: =IFERROR(H27-G27,"") -> 2457000 | I28: =IFERROR(I27-H27,"") -> -1118986000 | J28: =IFERROR(J27-I27,"") -> -6373000 | ... X28: =IFERROR(X27-W27,"") -> 1313603000
A29: =Bilanço!A90 -> FAALİYET KARI (ZARARI) | B29: =IFERROR(VLOOKUP($A29,Bilanço!$A:$X,Analiz!B$1,0),"") -> 397207000 | C29: =IFERROR(VLOOKUP($A29,Bilanço!$A:$X,Analiz!C$1,0),"") -> 740598000 | D29: =IFERROR(VLOOKUP($A29,Bilanço!$A:$X,Analiz!D$1,0),"") -> 1312480000 | E29: =IFERROR(VLOOKUP($A29,Bilanço!$A:$X,Analiz!E$1,0),"") -> 1738516000 | F29: =IFERROR(VLOOKUP($A29,Bilanço!$A:$X,Analiz!F$1,0),"") -> 497303000 | G29: =IFERROR(VLOOKUP($A29,Bilanço!$A:$X,Analiz!G$1,0),"") -> 850574000 | H29: =IFERROR(VLOOKUP($A29,Bilanço!$A:$X,Analiz!H$1,0),"") -> 1299879000 | I29: =IFERROR(VLOOKUP($A29,Bilanço!$A:$X,Analiz!I$1,0),"") -> 2429990000 | ... X29: =IFERROR(VLOOKUP($A29,Bilanço!$A:$X,Analiz!X$1,0),"") -> 13352178000
C30: =IFERROR(C29-B29,"") -> 343391000 | D30: =IFERROR(D29-C29,"") -> 571882000 | E30: =IFERROR(E29-D29,"") -> 426036000 | F30: =IFERROR(F29-E29,"") -> -1241213000 | G30: =IFERROR(G29-F29,"") -> 353271000 | H30: =IFERROR(H29-G29,"") -> 449305000 | I30: =IFERROR(I29-H29,"") -> 1130111000 | J30: =IFERROR(J29-I29,"") -> -1095396000 | ... X30: =IFERROR(X29-W29,"") -> 4734394000
A31: =Bilanço!A150 -> FAVÖK | B31: =IFERROR(VLOOKUP($A31,Bilanço!$A:$X,Analiz!B$1,0),"") -> 415167000 | C31: =IFERROR(VLOOKUP($A31,Bilanço!$A:$X,Analiz!C$1,0),"") -> 794946000 | D31: =IFERROR(VLOOKUP($A31,Bilanço!$A:$X,Analiz!D$1,0),"") -> 1374511000 | E31: =IFERROR(VLOOKUP($A31,Bilanço!$A:$X,Analiz!E$1,0),"") -> 1922060000 | F31: =IFERROR(VLOOKUP($A31,Bilanço!$A:$X,Analiz!F$1,0),"") -> 546384000 | G31: =IFERROR(VLOOKUP($A31,Bilanço!$A:$X,Analiz!G$1,0),"") -> 993008000 | H31: =IFERROR(VLOOKUP($A31,Bilanço!$A:$X,Analiz!H$1,0),"") -> 1495751000 | I31: =IFERROR(VLOOKUP($A31,Bilanço!$A:$X,Analiz!I$1,0),"") -> 2328359000 | ... X31: =IFERROR(VLOOKUP($A31,Bilanço!$A:$X,Analiz!X$1,0),"") -> 14382507000
C32: =IFERROR(C31-B31,"") -> 379779000 | D32: =IFERROR(D31-C31,"") -> 579565000 | E32: =IFERROR(E31-D31,"") -> 547549000 | F32: =IFERROR(F31-E31,"") -> -1375676000 | G32: =IFERROR(G31-F31,"") -> 446624000 | H32: =IFERROR(H31-G31,"") -> 502743000 | I32: =IFERROR(I31-H31,"") -> 832608000 | J32: =IFERROR(J31-I31,"") -> -1083734000 | ... X32: =IFERROR(X31-W31,"") -> 5196782000
A33: =Data!A31 -> TOPLAM VARLIKLAR | B33: =IFERROR(VLOOKUP($A33,Bilanço!$A:$X,Analiz!B$1,0),"") -> 13352306000 | C33: =IFERROR(VLOOKUP($A33,Bilanço!$A:$X,Analiz!C$1,0),"") -> 14646534000 | D33: =IFERROR(VLOOKUP($A33,Bilanço!$A:$X,Analiz!D$1,0),"") -> 16490984000 | E33: =IFERROR(VLOOKUP($A33,Bilanço!$A:$X,Analiz!E$1,0),"") -> 19491674000 | F33: =IFERROR(VLOOKUP($A33,Bilanço!$A:$X,Analiz!F$1,0),"") -> 20168907000 | G33: =IFERROR(VLOOKUP($A33,Bilanço!$A:$X,Analiz!G$1,0),"") -> 20295531000 | H33: =IFERROR(VLOOKUP($A33,Bilanço!$A:$X,Analiz!H$1,0),"") -> 18886371000 | I33: =IFERROR(VLOOKUP($A33,Bilanço!$A:$X,Analiz!I$1,0),"") -> 26243625000 | ... X33: =IFERROR(VLOOKUP($A33,Bilanço!$A:$X,Analiz!X$1,0),"") -> 129208588000
C34: =IFERROR(C33-B33,"") -> 1294228000 | D34: =IFERROR(D33-C33,"") -> 1844450000 | E34: =IFERROR(E33-D33,"") -> 3000690000 | F34: =IFERROR(F33-E33,"") -> 677233000 | G34: =IFERROR(G33-F33,"") -> 126624000 | H34: =IFERROR(H33-G33,"") -> -1409160000 | I34: =IFERROR(I33-H33,"") -> 7357254000 | J34: =IFERROR(J33-I33,"") -> 2517059000 | ... X34: =IFERROR(X33-W33,"") -> 7493125000
A35: =Data!A62 -> Ödenmiş Sermaye | B35: =IFERROR(VLOOKUP($A35,Bilanço!$A:$X,Analiz!B$1,0),"") -> 342000000 | C35: =IFERROR(VLOOKUP($A35,Bilanço!$A:$X,Analiz!C$1,0),"") -> 342000000 | D35: =IFERROR(VLOOKUP($A35,Bilanço!$A:$X,Analiz!D$1,0),"") -> 342000000 | E35: =IFERROR(VLOOKUP($A35,Bilanço!$A:$X,Analiz!E$1,0),"") -> 342000000 | F35: =IFERROR(VLOOKUP($A35,Bilanço!$A:$X,Analiz!F$1,0),"") -> 342000000 | G35: =IFERROR(VLOOKUP($A35,Bilanço!$A:$X,Analiz!G$1,0),"") -> 342000000 | H35: =IFERROR(VLOOKUP($A35,Bilanço!$A:$X,Analiz!H$1,0),"") -> 342000000 | I35: =IFERROR(VLOOKUP($A35,Bilanço!$A:$X,Analiz!I$1,0),"") -> 342000000 | ... X35: =IFERROR(VLOOKUP($A35,Bilanço!$A:$X,Analiz!X$1,0),"") -> 369276000
A36: =Bilanço!A151 -> HBK | B36: =IFERROR(B27/B35,"") -> -0.28740351 | C36: =IFERROR(C27/C35,"") -> 1.187576 | D36: =IFERROR(D27/D35,"") -> 1.9927865 | E36: =IFERROR(E27/E35,"") -> 3.1619708 | F36: =IFERROR(F27/F35,"") -> 1.2606637 | G36: =IFERROR(G27/G35,"") -> 1.9070088 | H36: =IFERROR(H27/H35,"") -> 1.914193 | I36: =IFERROR(I27/I35,"") -> -1.3576959 | ... X36: =IFERROR(X27/X35,"") -> 12.439249
A38: =Data!A4 -> Nakit ve Nakit Benzerleri | B38: =IFERROR(VLOOKUP($A38,Bilanço!$A:$X,Analiz!B$1,0),"") -> 1219355000 | C38: =IFERROR(VLOOKUP($A38,Bilanço!$A:$X,Analiz!C$1,0),"") -> 2956000000 | D38: =IFERROR(VLOOKUP($A38,Bilanço!$A:$X,Analiz!D$1,0),"") -> 3532368000 | E38: =IFERROR(VLOOKUP($A38,Bilanço!$A:$X,Analiz!E$1,0),"") -> 3835520000 | F38: =IFERROR(VLOOKUP($A38,Bilanço!$A:$X,Analiz!F$1,0),"") -> 3367634000 | G38: =IFERROR(VLOOKUP($A38,Bilanço!$A:$X,Analiz!G$1,0),"") -> 2762136000 | H38: =IFERROR(VLOOKUP($A38,Bilanço!$A:$X,Analiz!H$1,0),"") -> 2862609000 | I38: =IFERROR(VLOOKUP($A38,Bilanço!$A:$X,Analiz!I$1,0),"") -> 3004834000 | ... X38: =IFERROR(VLOOKUP($A38,Bilanço!$A:$X,Analiz!X$1,0),"") -> 29570256000
A39: =Data!A5 -> Finansal Yatırımlar | B39: =IFERROR(VLOOKUP($A39,Bilanço!$A:$X,Analiz!B$1,0),"") -> 3820230000 | C39: =IFERROR(VLOOKUP($A39,Bilanço!$A:$X,Analiz!C$1,0),"") -> 3605728000 | D39: =IFERROR(VLOOKUP($A39,Bilanço!$A:$X,Analiz!D$1,0),"") -> 2374641000 | E39: =IFERROR(VLOOKUP($A39,Bilanço!$A:$X,Analiz!E$1,0),"") -> 3639474000 | F39: =IFERROR(VLOOKUP($A39,Bilanço!$A:$X,Analiz!F$1,0),"") -> 5597490000 | G39: =IFERROR(VLOOKUP($A39,Bilanço!$A:$X,Analiz!G$1,0),"") -> 6005890000 | H39: =IFERROR(VLOOKUP($A39,Bilanço!$A:$X,Analiz!H$1,0),"") -> 4277960000 | I39: =IFERROR(VLOOKUP($A39,Bilanço!$A:$X,Analiz!I$1,0),"") -> 6414869000 | ... X39: =IFERROR(VLOOKUP($A39,Bilanço!$A:$X,Analiz!X$1,0),"") -> 6245000
A40: Hazır Değerler | B40: =IFERROR(B38+B39,"") -> 5039585000 | C40: =IFERROR(C38+C39,"") -> 6561728000 | D40: =IFERROR(D38+D39,"") -> 5907009000 | E40: =IFERROR(E38+E39,"") -> 7474994000 | F40: =IFERROR(F38+F39,"") -> 8965124000 | G40: =IFERROR(G38+G39,"") -> 8768026000 | H40: =IFERROR(H38+H39,"") -> 7140569000 | I40: =IFERROR(I38+I39,"") -> 9419703000 | ... X40: =IFERROR(X38+X39,"") -> 29576501000
A41: Hazır Değerler Oranı | B41: =IFERROR(B40/B17,"") -> 0.67899737 | C41: =IFERROR(C40/C17,"") -> 1.3229224 | D41: =IFERROR(D40/D17,"") -> 1.0496104 | E41: =IFERROR(E40/E17,"") -> 2.3137489 | F41: =IFERROR(F40/F17,"") -> 3.0230337 | G41: =IFERROR(G40/G17,"") -> 3.0256075 | H41: =IFERROR(H40/H17,"") -> 1.6961511 | I41: =IFERROR(I40/I17,"") -> 1.5355986 | ... X41: =IFERROR(X40/X17,"") -> 0.48617188
A42: Cari Oran | B42: =IFERROR(B5/B17,"") -> 1.2428462 | C42: =IFERROR(C5/C17,"") -> 2.0763635 | D42: =IFERROR(D5/D17,"") -> 2.1194271 | E42: =IFERROR(E5/E17,"") -> 4.550465 | F42: =IFERROR(F5/F17,"") -> 5.1812011 | G42: =IFERROR(G5/G17,"") -> 5.315928 | H42: =IFERROR(H5/H17,"") -> 3.2905819 | I42: =IFERROR(I5/I17,"") -> 3.0590579 | ... X42: =IFERROR(X5/X17,"") -> 1.4807738
A43: Net İşletme Sermayesi | B43: =IFERROR(B5-B17,"") -> 1802428000 | C43: =IFERROR(C5-C17,"") -> 5338790000 | D43: =IFERROR(D5-D17,"") -> 6299924000 | E43: =IFERROR(E5-E17,"") -> 11470434000 | F43: =IFERROR(F5-F17,"") -> 12399791000 | G43: =IFERROR(G5-G17,"") -> 12507296000 | H43: =IFERROR(H5-H17,"") -> 9643043000 | I43: =IFERROR(I5-I17,"") -> 12630718000 | ... X43: =IFERROR(X5-X17,"") -> 29248106000
A44: Finansal Kaldıraç Oranı | B44: =IFERROR((B17+B19)/(B5+B13),"") -> 0.63076685 | C44: =IFERROR((C17+C19)/(C5+C13),"") -> 0.61569188 | D44: =IFERROR((D17+D19)/(D5+D13),"") -> 0.62771318 | E44: =IFERROR((E17+E19)/(E5+E13),"") -> 0.65027668 | F44: =IFERROR((F17+F19)/(F5+F13),"") -> 0.64800492 | G44: =IFERROR((G17+G19)/(G5+G13),"") -> 0.64999802 | H44: =IFERROR((H17+H19)/(H5+H13),"") -> 0.80334809 | I44: =IFERROR((I17+I19)/(I5+I13),"") -> 0.83562096 | ... X44: =IFERROR((X17+X19)/(X5+X13),"") -> 0.67042765
A45: Finansman (Özkaynak Yeterlilik) Oranı | B45: =IFERROR(B15/(B17+B19),"") -> 0.51304352 | C45: =IFERROR(C15/(C17+C19),"") -> 0.55124503 | D45: =IFERROR(D15/(D17+D19),"") -> 0.51901492 | E45: =IFERROR(E15/(E17+E19),"") -> 0.47627527 | F45: =IFERROR(F15/(F17+F19),"") -> 0.47948242 | G45: =IFERROR(G15/(G17+G19),"") -> 0.4724295 | H45: =IFERROR(H15/(H17+H19),"") -> 0.18459979 | I45: =IFERROR(I15/(I17+I19),"") -> 0.13619479 | ... X45: =IFERROR(X15/(X17+X19),"") -> 0.46350825
A47: Brüt Karlılık Oranı | B47: =IFERROR(B23/B21,"") -> 0.30144908 | C47: =IFERROR(C23/C21,"") -> 0.28831745 | D47: =IFERROR(D23/D21,"") -> 0.30277332 | E47: =IFERROR(E23/E21,"") -> 0.30232296 | F47: =IFERROR(F23/F21,"") -> 0.30977488 | G47: =IFERROR(G23/G21,"") -> 0.28913226 | H47: =IFERROR(H23/H21,"") -> 0.28244354 | I47: =IFERROR(I23/I21,"") -> 0.28813847 | ... X47: =IFERROR(X23/X21,"") -> 0.30221445
A48: Faaliyet Kar Oranı | B48: =IFERROR(B29/B21,"") -> 0.1671658 | C48: =IFERROR(C29/C21,"") -> 0.16382132 | D48: =IFERROR(D29/D21,"") -> 0.1881257 | E48: =IFERROR(E29/E21,"") -> 0.17894012 | F48: =IFERROR(F29/F21,"") -> 0.17864454 | G48: =IFERROR(G29/G21,"") -> 0.15627439 | H48: =IFERROR(H29/H21,"") -> 0.15439905 | I48: =IFERROR(I29/I21,"") -> 0.19382424 | ... X48: =IFERROR(X29/X21,"") -> 0.16499261
A49: Net Faaliyet Kar Oranı | B49: =IFERROR(B25/B21,"") -> 0.15620047 | C49: =IFERROR(C25/C21,"") -> 0.1559826 | D49: =IFERROR(D25/D21,"") -> 0.17611672 | E49: =IFERROR(E25/E21,"") -> 0.17731902 | F49: =IFERROR(F25/F21,"") -> 0.17724679 | G49: =IFERROR(G25/G21,"") -> 0.16239695 | H49: =IFERROR(H25/H21,"") -> 0.1576516 | I49: =IFERROR(I25/I21,"") -> 0.16737151 | ... X49: =IFERROR(X25/X21,"") -> 0.15584035
A50: Dönem Net Kar Oranı | B50: =IFERROR(B27/B21,"") -> -0.041366493 | C50: =IFERROR(C27/C21,"") -> 0.089841171 | D50: =IFERROR(D27/D21,"") -> 0.097688248 | E50: =IFERROR(E27/E21,"") -> 0.11130457 | F50: =IFERROR(F27/F21,"") -> 0.15487954 | G50: =IFERROR(G27/G21,"") -> 0.11982695 | H50: =IFERROR(H27/H21,"") -> 0.077759513 | I50: =IFERROR(I27/I21,"") -> -0.037036694 | ... X50: =IFERROR(X27/X21,"") -> 0.05676199
A51: FAVÖK Marjı | B51: =IFERROR(B31/B21,"") -> 0.17472432 | C51: =IFERROR(C31/C21,"") -> 0.17584317 | D51: =IFERROR(D31/D21,"") -> 0.19701698 | E51: =IFERROR(E31/E21,"") -> 0.19783174 | F51: =IFERROR(F31/F21,"") -> 0.19627575 | G51: =IFERROR(G31/G21,"") -> 0.18244353 | H51: =IFERROR(H31/H21,"") -> 0.17766464 | I51: =IFERROR(I31/I21,"") -> 0.18571781 | ... X51: =IFERROR(X31/X21,"") -> 0.17772437
A52: Aktif (Varlıkların) Karlılığı | B52: =IFERROR(B27/B33,"") -> -0.0073614251 | C52: =IFERROR(C27/C33,"") -> 0.027730178 | D52: =IFERROR(D27/D33,"") -> 0.041327613 | E52: =IFERROR(E27/E33,"") -> 0.055479791 | F52: =IFERROR(F27/F33,"") -> 0.021376815 | G52: =IFERROR(G27/G33,"") -> 0.032135005 | H52: =IFERROR(H27/H33,"") -> 0.034662773 | I52: =IFERROR(I27/I33,"") -> -0.017693135 | ... X52: =IFERROR(X27/X33,"") -> 0.035551166
B54: =ROW(A4)-1 -> 3 | C54: =B54+2 -> 5 | D54: =C54+2 -> 7 | E54: =D54+2 -> 9 | F54: =E54+2 -> 11 | G54: =F54+2 -> 13 | H54: =G54+2 -> 15 | I54: =H54+2 -> 17 | J54: =I54+2 -> 19 | ... M54: =L54+2 -> 25
B55: =A5 -> Dönen Varlıklar | C55: =A7 -> Stoklar | D55: =A9 -> Ticari Alacaklar | E55: =A11 -> Ticari Borçlar | F55: =A13 -> Duran Varlıklar | G55: =A15 -> Ana Ortaklığa Ait Özkaynaklar | H55: =A17 -> Kısa Vadeli Yükümlülükler | I55: =A19 -> Uzun Vadeli Yükümlülükler | J55: =A21 -> Satış Gelirleri | K55: =A23 -> BRÜT KAR (ZARAR) | L55: =A25 -> Net Faaliyet Kar/Zararı | M55: =A27 -> Ana Ortaklık Payları
A56: =IFERROR(HLOOKUP(N56,$B$3:$W$4,2,0),"") -> 2020/6 | B56: =IFERROR(HLOOKUP($A56,$4:$44,B$54,0),"") -> 1074289000 | C56: =IFERROR(HLOOKUP($A56,$4:$44,C$54,0),"") -> 132774000 | D56: =IFERROR(HLOOKUP($A56,$4:$44,D$54,0),"") -> -149657000 | E56: =IFERROR(HLOOKUP($A56,$4:$44,E$54,0),"") -> -208515000 | F56: =IFERROR(HLOOKUP($A56,$4:$44,F$54,0),"") -> 219939000 | G56: =IFERROR(HLOOKUP($A56,$4:$44,G$54,0),"") -> 650040000 | H56: =IFERROR(HLOOKUP($A56,$4:$44,H$54,0),"") -> -2462073000 | I56: =IFERROR(HLOOKUP($A56,$4:$44,I$54,0),"") -> 3057633000 | ... M56: =IFERROR(HLOOKUP($A56,$4:$44,M$54,0),"") -> 504443000 | N56: =C3 -> 23
A57: =IFERROR(HLOOKUP(N57,$B$3:$W$4,2,0),"") -> 2020/9 | B57: =IFERROR(HLOOKUP($A57,$4:$44,B$54,0),"") -> 1628920000 | C57: =IFERROR(HLOOKUP($A57,$4:$44,C$54,0),"") -> 93206000 | D57: =IFERROR(HLOOKUP($A57,$4:$44,D$54,0),"") -> 312316000 | E57: =IFERROR(HLOOKUP($A57,$4:$44,E$54,0),"") -> 47359000 | F57: =IFERROR(HLOOKUP($A57,$4:$44,F$54,0),"") -> 215530000 | G57: =IFERROR(HLOOKUP($A57,$4:$44,G$54,0),"") -> 401648000 | H57: =IFERROR(HLOOKUP($A57,$4:$44,H$54,0),"") -> 667786000 | I57: =IFERROR(HLOOKUP($A57,$4:$44,I$54,0),"") -> 666070000 | ... M57: =IFERROR(HLOOKUP($A57,$4:$44,M$54,0),"") -> 275382000 | N57: =N56-1 -> 22
A58: =IFERROR(HLOOKUP(N58,$B$3:$W$4,2,0),"") -> 2020/12 | B58: =IFERROR(HLOOKUP($A58,$4:$44,B$54,0),"") -> 2773384000 | C58: =IFERROR(HLOOKUP($A58,$4:$44,C$54,0),"") -> 797949000 | D58: =IFERROR(HLOOKUP($A58,$4:$44,D$54,0),"") -> 202442000 | E58: =IFERROR(HLOOKUP($A58,$4:$44,E$54,0),"") -> 273552000 | F58: =IFERROR(HLOOKUP($A58,$4:$44,F$54,0),"") -> 227306000 | G58: =IFERROR(HLOOKUP($A58,$4:$44,G$54,0),"") -> 664141000 | H58: =IFERROR(HLOOKUP($A58,$4:$44,H$54,0),"") -> -2397126000 | I58: =IFERROR(HLOOKUP($A58,$4:$44,I$54,0),"") -> 4720499000 | ... M58: =IFERROR(HLOOKUP($A58,$4:$44,M$54,0),"") -> 399861000 | N58: =N57-1 -> 21
A59: =IFERROR(HLOOKUP(N59,$B$3:$W$4,2,0),"") -> 2021/3 | B59: =IFERROR(HLOOKUP($A59,$4:$44,B$54,0),"") -> 664277000 | C59: =IFERROR(HLOOKUP($A59,$4:$44,C$54,0),"") -> -766908000 | D59: =IFERROR(HLOOKUP($A59,$4:$44,D$54,0),"") -> 164697000 | E59: =IFERROR(HLOOKUP($A59,$4:$44,E$54,0),"") -> 141796000 | F59: =IFERROR(HLOOKUP($A59,$4:$44,F$54,0),"") -> 12956000 | G59: =IFERROR(HLOOKUP($A59,$4:$44,G$54,0),"") -> 229840000 | H59: =IFERROR(HLOOKUP($A59,$4:$44,H$54,0),"") -> -265080000 | I59: =IFERROR(HLOOKUP($A59,$4:$44,I$54,0),"") -> 659650000 | ... M59: =IFERROR(HLOOKUP($A59,$4:$44,M$54,0),"") -> -650247000 | N59: =N58-1 -> 20
A60: =IFERROR(HLOOKUP(N60,$B$3:$W$4,2,0),"") -> 2021/6 | B60: =IFERROR(HLOOKUP($A60,$4:$44,B$54,0),"") -> 39839000 | C60: =IFERROR(HLOOKUP($A60,$4:$44,C$54,0),"") -> 32389000 | D60: =IFERROR(HLOOKUP($A60,$4:$44,D$54,0),"") -> 28223000 | E60: =IFERROR(HLOOKUP($A60,$4:$44,E$54,0),"") -> -307000 | F60: =IFERROR(HLOOKUP($A60,$4:$44,F$54,0),"") -> 86785000 | G60: =IFERROR(HLOOKUP($A60,$4:$44,G$54,0),"") -> -34304000 | H60: =IFERROR(HLOOKUP($A60,$4:$44,H$54,0),"") -> -67666000 | I60: =IFERROR(HLOOKUP($A60,$4:$44,I$54,0),"") -> 190170000 | ... M60: =IFERROR(HLOOKUP($A60,$4:$44,M$54,0),"") -> 221050000 | N60: =N59-1 -> 19
A61: =IFERROR(HLOOKUP(N61,$B$3:$W$4,2,0),"") -> 2021/9 | B61: =IFERROR(HLOOKUP($A61,$4:$44,B$54,0),"") -> -1552326000 | C61: =IFERROR(HLOOKUP($A61,$4:$44,C$54,0),"") -> 1067363000 | D61: =IFERROR(HLOOKUP($A61,$4:$44,D$54,0),"") -> 357193000 | E61: =IFERROR(HLOOKUP($A61,$4:$44,E$54,0),"") -> -45727000 | F61: =IFERROR(HLOOKUP($A61,$4:$44,F$54,0),"") -> 143166000 | G61: =IFERROR(HLOOKUP($A61,$4:$44,G$54,0),"") -> -3431507000 | H61: =IFERROR(HLOOKUP($A61,$4:$44,H$54,0),"") -> 1311927000 | I61: =IFERROR(HLOOKUP($A61,$4:$44,I$54,0),"") -> 668348000 | ... M61: =IFERROR(HLOOKUP($A61,$4:$44,M$54,0),"") -> 2457000 | N61: =N60-1 -> 18
A62: =IFERROR(HLOOKUP(N62,$B$3:$W$4,2,0),"") -> 2021/12 | B62: =IFERROR(HLOOKUP($A62,$4:$44,B$54,0),"") -> 4912031000 | C62: =IFERROR(HLOOKUP($A62,$4:$44,C$54,0),"") -> 1189529000 | D62: =IFERROR(HLOOKUP($A62,$4:$44,D$54,0),"") -> 1045798000 | E62: =IFERROR(HLOOKUP($A62,$4:$44,E$54,0),"") -> 899249000 | F62: =IFERROR(HLOOKUP($A62,$4:$44,F$54,0),"") -> 2445223000 | G62: =IFERROR(HLOOKUP($A62,$4:$44,G$54,0),"") -> 185905000 | H62: =IFERROR(HLOOKUP($A62,$4:$44,H$54,0),"") -> 1924356000 | I62: =IFERROR(HLOOKUP($A62,$4:$44,I$54,0),"") -> 4833037000 | ... M62: =IFERROR(HLOOKUP($A62,$4:$44,M$54,0),"") -> -1118986000 | N62: =N61-1 -> 17
A63: =IFERROR(HLOOKUP(N63,$B$3:$W$4,2,0),"") -> 2022/3 | B63: =IFERROR(HLOOKUP($A63,$4:$44,B$54,0),"") -> 2189622000 | C63: =IFERROR(HLOOKUP($A63,$4:$44,C$54,0),"") -> 526662000 | D63: =IFERROR(HLOOKUP($A63,$4:$44,D$54,0),"") -> 1168162000 | E63: =IFERROR(HLOOKUP($A63,$4:$44,E$54,0),"") -> 679173000 | F63: =IFERROR(HLOOKUP($A63,$4:$44,F$54,0),"") -> 327437000 | G63: =IFERROR(HLOOKUP($A63,$4:$44,G$54,0),"") -> -398552000 | H63: =IFERROR(HLOOKUP($A63,$4:$44,H$54,0),"") -> 1123012000 | I63: =IFERROR(HLOOKUP($A63,$4:$44,I$54,0),"") -> 1613141000 | ... M63: =IFERROR(HLOOKUP($A63,$4:$44,M$54,0),"") -> -6373000 | N63: =N62-1 -> 16
A64: =IFERROR(HLOOKUP(N64,$B$3:$W$4,2,0),"") -> 2022/6 | B64: =IFERROR(HLOOKUP($A64,$4:$44,B$54,0),"") -> 1532963000 | C64: =IFERROR(HLOOKUP($A64,$4:$44,C$54,0),"") -> 534876000 | D64: =IFERROR(HLOOKUP($A64,$4:$44,D$54,0),"") -> -66452000 | E64: =IFERROR(HLOOKUP($A64,$4:$44,E$54,0),"") -> 320445000 | F64: =IFERROR(HLOOKUP($A64,$4:$44,F$54,0),"") -> 1037199000 | G64: =IFERROR(HLOOKUP($A64,$4:$44,G$54,0),"") -> -71289000 | H64: =IFERROR(HLOOKUP($A64,$4:$44,H$54,0),"") -> 7834850000 | I64: =IFERROR(HLOOKUP($A64,$4:$44,I$54,0),"") -> -5402987000 | ... M64: =IFERROR(HLOOKUP($A64,$4:$44,M$54,0),"") -> -648635000 | N64: =N63-1 -> 15
A65: =IFERROR(HLOOKUP(N65,$B$3:$W$4,2,0),"") -> 2022/9 | B65: =IFERROR(HLOOKUP($A65,$4:$44,B$54,0),"") -> 2586021000 | C65: =IFERROR(HLOOKUP($A65,$4:$44,C$54,0),"") -> 1122366000 | D65: =IFERROR(HLOOKUP($A65,$4:$44,D$54,0),"") -> 1253067000 | E65: =IFERROR(HLOOKUP($A65,$4:$44,E$54,0),"") -> 528018000 | F65: =IFERROR(HLOOKUP($A65,$4:$44,F$54,0),"") -> 690886000 | G65: =IFERROR(HLOOKUP($A65,$4:$44,G$54,0),"") -> 217402000 | H65: =IFERROR(HLOOKUP($A65,$4:$44,H$54,0),"") -> 1446424000 | I65: =IFERROR(HLOOKUP($A65,$4:$44,I$54,0),"") -> 1512740000 | ... M65: =IFERROR(HLOOKUP($A65,$4:$44,M$54,0),"") -> -217078000 | N65: =N64-1 -> 14
A66: =IFERROR(HLOOKUP(N66,$B$3:$W$4,2,0),"") -> 2022/12 | B66: =IFERROR(HLOOKUP($A66,$4:$44,B$54,0),"") -> 16699668000 | C66: =IFERROR(HLOOKUP($A66,$4:$44,C$54,0),"") -> 3114249000 | D66: =IFERROR(HLOOKUP($A66,$4:$44,D$54,0),"") -> 5131295000 | E66: =IFERROR(HLOOKUP($A66,$4:$44,E$54,0),"") -> 3058584000 | F66: =IFERROR(HLOOKUP($A66,$4:$44,F$54,0),"") -> 14841751000 | G66: =IFERROR(HLOOKUP($A66,$4:$44,G$54,0),"") -> 9301583000 | H66: =IFERROR(HLOOKUP($A66,$4:$44,H$54,0),"") -> 11287270000 | I66: =IFERROR(HLOOKUP($A66,$4:$44,I$54,0),"") -> 9161884000 | ... M66: =IFERROR(HLOOKUP($A66,$4:$44,M$54,0),"") -> 2321211000 | N66: =N65-1 -> 13
A67: =IFERROR(HLOOKUP(N67,$B$3:$W$4,2,0),"") -> 2023/3 | B67: =IFERROR(HLOOKUP($A67,$4:$44,B$54,0),"") -> -13265117000 | C67: =IFERROR(HLOOKUP($A67,$4:$44,C$54,0),"") -> -2995757000 | D67: =IFERROR(HLOOKUP($A67,$4:$44,D$54,0),"") -> -2649104000 | E67: =IFERROR(HLOOKUP($A67,$4:$44,E$54,0),"") -> -2985961000 | F67: =IFERROR(HLOOKUP($A67,$4:$44,F$54,0),"") -> -11561083000 | G67: =IFERROR(HLOOKUP($A67,$4:$44,G$54,0),"") -> -5524014000 | H67: =IFERROR(HLOOKUP($A67,$4:$44,H$54,0),"") -> -9041284000 | I67: =IFERROR(HLOOKUP($A67,$4:$44,I$54,0),"") -> -8864243000 | ... M67: =IFERROR(HLOOKUP($A67,$4:$44,M$54,0),"") -> 1428140000 | N67: =N66-1 -> 12
A68: =IFERROR(HLOOKUP(N68,$B$3:$W$4,2,0),"") -> 2023/6 | B68: =IFERROR(HLOOKUP($A68,$4:$44,B$54,0),"") -> 591183000 | C68: =IFERROR(HLOOKUP($A68,$4:$44,C$54,0),"") -> 1034532000 | D68: =IFERROR(HLOOKUP($A68,$4:$44,D$54,0),"") -> 367881000 | E68: =IFERROR(HLOOKUP($A68,$4:$44,E$54,0),"") -> 557067000 | F68: =IFERROR(HLOOKUP($A68,$4:$44,F$54,0),"") -> 3011913000 | G68: =IFERROR(HLOOKUP($A68,$4:$44,G$54,0),"") -> -603576000 | H68: =IFERROR(HLOOKUP($A68,$4:$44,H$54,0),"") -> -6851762000 | I68: =IFERROR(HLOOKUP($A68,$4:$44,I$54,0),"") -> 10537976000 | ... M68: =IFERROR(HLOOKUP($A68,$4:$44,M$54,0),"") -> -2476593000 | N68: =N67-1 -> 11
... A76: =IFERROR(HLOOKUP(N76,$B$3:$W$4,2,0),"") -> 2025/6 | B76: =IFERROR(HLOOKUP($A76,$4:$44,B$54,0),"") -> 7383302000 | C76: =IFERROR(HLOOKUP($A76,$4:$44,C$54,0),"") -> 4472070000 | D76: =IFERROR(HLOOKUP($A76,$4:$44,D$54,0),"") -> -856925000 | E76: =IFERROR(HLOOKUP($A76,$4:$44,E$54,0),"") -> 168617000 | F76: =IFERROR(HLOOKUP($A76,$4:$44,F$54,0),"") -> 2052522000 | G76: =IFERROR(HLOOKUP($A76,$4:$44,G$54,0),"") -> -534026000 | H76: =IFERROR(HLOOKUP($A76,$4:$44,H$54,0),"") -> 24476142000 | I76: =IFERROR(HLOOKUP($A76,$4:$44,I$54,0),"") -> -14237330000 | ... M76: =IFERROR(HLOOKUP($A76,$4:$44,M$54,0),"") -> 866545000 | N76: =N75-1 -> 3
A77: =IFERROR(HLOOKUP(N77,$B$3:$X$4,2,0),"") -> 2025/9 | B77: =IFERROR(HLOOKUP($A77,$4:$44,B$54,0),"") -> 5415391000 | C77: =IFERROR(HLOOKUP($A77,$4:$44,C$54,0),"") -> -524907000 | D77: =IFERROR(HLOOKUP($A77,$4:$44,D$54,0),"") -> 3096307000 | E77: =IFERROR(HLOOKUP($A77,$4:$44,E$54,0),"") -> -303466000 | F77: =IFERROR(HLOOKUP($A77,$4:$44,F$54,0),"") -> 2077734000 | G77: =IFERROR(HLOOKUP($A77,$4:$44,G$54,0),"") -> 4034751000 | H77: =IFERROR(HLOOKUP($A77,$4:$44,H$54,0),"") -> 2376778000 | I77: =IFERROR(HLOOKUP($A77,$4:$44,I$54,0),"") -> 906324000 | ... M77: =IFERROR(HLOOKUP($A77,$4:$44,M$54,0),"") -> 1313603000 | N77: =N76-1 -> 2
D78: =IFERROR(HLOOKUP($A78,$4:$44,D$54,0),"") | E78: =IFERROR(HLOOKUP($A78,$4:$44,E$54,0),"") | F78: =IFERROR(HLOOKUP($A78,$4:$44,F$54,0),"") | G78: =IFERROR(HLOOKUP($A78,$4:$44,G$54,0),"") | H78: =IFERROR(HLOOKUP($A78,$4:$44,H$54,0),"") | I78: =IFERROR(HLOOKUP($A78,$4:$44,I$54,0),"") | J78: =IFERROR(HLOOKUP($A78,$4:$44,J$54,0),"") | K78: =IFERROR(HLOOKUP($A78,$4:$44,K$54,0),"") | ... M78: =IFERROR(HLOOKUP($A78,$4:$44,M$54,0),"") | N78: =N77-1 -> 1

Sheet GRAFİKLER

Sheet Değerleme Yıllık
B1: =Yıllık!B1 -> 20 | C1: =($B$1+1)-COLUMN(B1) -> 19 | D1: =($B$1+1)-COLUMN(C1) -> 18 | E1: =($B$1+1)-COLUMN(D1) -> 17 | F1: =($B$1+1)-COLUMN(E1) -> 16 | G1: =($B$1+1)-COLUMN(F1) -> 15 | H1: =($B$1+1)-COLUMN(G1) -> 14 | I1: =($B$1+1)-COLUMN(H1) -> 13 | J1: =($B$1+1)-COLUMN(I1) -> 12 | ... U1: =($B$1+1)-COLUMN(T1) -> 1
A2: Dönem | B2: =IFERROR(HLOOKUP(B$1,Data!$1:$149,ROW($A2),0),"") -> 2021/3 | C2: =IFERROR(HLOOKUP(C$1,Data!$1:$149,ROW($A2),0),"") -> 2021/6 | D2: =IFERROR(HLOOKUP(D$1,Data!$1:$149,ROW($A2),0),"") -> 2021/9 | E2: =IFERROR(HLOOKUP(E$1,Data!$1:$149,ROW($A2),0),"") -> 2021/12 | F2: =IFERROR(HLOOKUP(F$1,Data!$1:$149,ROW($A2),0),"") -> 2022/3 | G2: =IFERROR(HLOOKUP(G$1,Data!$1:$149,ROW($A2),0),"") -> 2022/6 | H2: =IFERROR(HLOOKUP(H$1,Data!$1:$149,ROW($A2),0),"") -> 2022/9 | I2: =IFERROR(HLOOKUP(I$1,Data!$1:$149,ROW($A2),0),"") -> 2022/12 | ... T2: =IFERROR(HLOOKUP(T$1,Data!$1:$149,ROW($A2),0),"") -> 2025/9
A3: HİSSE TL FİYATI | B3: 18.512508 | C3: 17.695295 | D3: 16.131224 | E3: 14.187702 | F3: 13.317746 | G3: 18.953957 | H3: 40.462257 | I3: 28.838148 | J3: 31.947783 | K3: 86.903152 | L3: 75.751038 | M3: 96.620758 | N3: 157.4252 | O3: 129.56805 | P3: 108.92972 | Q3: 111.61362 | R3: 97.731339 | S3: 104.5 | T3: 114.6
A4: HİSSE SAYISI | B4: =IF(B3="","",Bilanço!$W$62) -> 369276000 | C4: =IF(C3="","",Bilanço!$W$62) -> 369276000 | D4: =IF(D3="","",Bilanço!$W$62) -> 369276000 | E4: =IF(E3="","",Bilanço!$W$62) -> 369276000 | F4: =IF(F3="","",Bilanço!$W$62) -> 369276000 | G4: =IF(G3="","",Bilanço!$W$62) -> 369276000 | H4: =IF(H3="","",Bilanço!$W$62) -> 369276000 | I4: =IF(I3="","",Bilanço!$W$62) -> 369276000 | ... U4: =IF(U3="","",Bilanço!$W$62)
A5: PİYASA DEĞERİ | B5: =IFERROR(B4*B3,"") -> 6.8362249e+09 | C5: =IFERROR(C4*C3,"") -> 6.5344478e+09 | D5: =IFERROR(D4*D3,"") -> 5.9568739e+09 | E5: =IFERROR(E4*E3,"") -> 5.2391778e+09 | F5: =IFERROR(F4*F3,"") -> 4.917924e+09 | G5: =IFERROR(G4*G3,"") -> 6.9992414e+09 | H5: =IFERROR(H4*H3,"") -> 1.494174e+10 | I5: =IFERROR(I4*I3,"") -> 1.0649236e+10 | ... U5: =IFERROR(U4*U3,"")
A6: FİRMA DEĞERİ | B6: =IF(B5="","",B5+(Bilanço!F34+Bilanço!F35+Bilanço!F48)-(Bilanço!F4+Bilanço!F5)) -> 8.4599349e+09 | C6: =IF(C5="","",C5+(Bilanço!G34+Bilanço!G35+Bilanço!G48)-(Bilanço!G4+Bilanço!G5)) -> 8.5714188e+09 | D6: =IF(D5="","",D5+(Bilanço!H34+Bilanço!H35+Bilanço!H48)-(Bilanço!H4+Bilanço!H5)) -> 1.1551165e+10 | E6: =IF(E5="","",E5+(Bilanço!I34+Bilanço!I35+Bilanço!I48)-(Bilanço!I4+Bilanço!I5)) -> 1.39963e+10 | F6: =IF(F5="","",F5+(Bilanço!J34+Bilanço!J35+Bilanço!J48)-(Bilanço!J4+Bilanço!J5)) -> 1.5457855e+10 | G6: =IF(G5="","",G5+(Bilanço!K34+Bilanço!K35+Bilanço!K48)-(Bilanço!K4+Bilanço!K5)) -> 1.9399705e+10 | H6: =IF(H5="","",H5+(Bilanço!L34+Bilanço!L35+Bilanço!L48)-(Bilanço!L4+Bilanço!L5)) -> 2.9684282e+10 | I6: =IF(I5="","",I5+(Bilanço!M34+Bilanço!M35+Bilanço!M48)-(Bilanço!M4+Bilanço!M5)) -> 3.4187521e+10 | ... T6: =IF(T5="","",T5+(Bilanço!X34+Bilanço!X35+Bilanço!X48)-(Bilanço!X4+Bilanço!X5)) -> 8.1215787e+10 | U6: =IF(U5="","",U5+(Bilanço!U33+Bilanço!U47-Bilanço!U3))
A7: HBK | B7: =IF(B5="","",Yıllık!B81) -> 4.710038 | C7: =IF(C5="","",Yıllık!C81) -> 3.8814035 | D7: =IF(D5="","",Yıllık!D81) -> 3.0833772 | E7: =IF(E5="","",Yıllık!E81) -> -1.3576959 | F7: =IF(F5="","",Yıllık!F81) -> -3.9946901 | G7: =IF(G5="","",Yıllık!G81) -> -6.5376287 | H7: =IF(H5="","",Yıllık!H81) -> -7.1795439 | I7: =IF(I5="","",Yıllık!I81) -> 2.8795117 | ... T7: =IF(T5="","",Yıllık!T81) -> 21.685637 | U7: =IF(U5="","",Bilanço!U151)
U8: =IFERROR(IF(U5="","",IF(MID(U2,5,7)="/3",U7,U7-T7)),"")
A9: PD/DD | B9: =IF(B5="","",IF(B5/Bilanço!F61<0,"",B5/Bilanço!F61)) -> 1.0908951 | C9: =IF(C5="","",IF(C5/Bilanço!G61<0,"",C5/Bilanço!G61)) -> 1.0484782 | D9: =IF(D5="","",IF(D5/Bilanço!H61<0,"",D5/Bilanço!H61)) -> 2.1268404 | E9: =IF(E5="","",IF(E5/Bilanço!I61<0,"",E5/Bilanço!I61)) -> 1.7541612 | F9: =IF(F5="","",IF(F5/Bilanço!J61<0,"",F5/Bilanço!J61)) -> 1.9001608 | G9: =IF(G5="","",IF(G5/Bilanço!K61<0,"",G5/Bilanço!K61)) -> 2.7809275 | H9: =IF(H5="","",IF(H5/Bilanço!L61<0,"",H5/Bilanço!L61)) -> 5.4646078 | I9: =IF(I5="","",IF(I5/Bilanço!M61<0,"",I5/Bilanço!M61)) -> 0.88479242 | ... T9: =IF(T5="","",IF(T5/Bilanço!X61<0,"",T5/Bilanço!X61)) -> 1.0539862 | U9: =IF(U5="","",U5/Bilanço!U61) | V9: =T50 -> 1.1862693
A10: F/K | B10: =IF(OR(B7="",B7<0),"",IF(B3/B7<0,"",B3/B7)) -> 3.9304371 | C10: =IF(OR(C7="",C7<0),"",IF(C3/C7<0,"",C3/C7)) -> 4.5589939 | D10: =IF(OR(D7="",D7<0),"",IF(D3/D7<0,"",D3/D7)) -> 5.2316739 | E10: =IF(OR(E7="",E7<0),"",IF(E3/E7<0,"",E3/E7)) | F10: =IF(OR(F7="",F7<0),"",IF(F3/F7<0,"",F3/F7)) | G10: =IF(OR(G7="",G7<0),"",IF(G3/G7<0,"",G3/G7)) | H10: =IF(OR(H7="",H7<0),"",IF(H3/H7<0,"",H3/H7)) | I10: =IF(OR(I7="",I7<0),"",IF(I3/I7<0,"",I3/I7)) -> 10.014944 | ... T10: =IF(OR(T7="",T7<0),"",IF(T3/T7<0,"",T3/T7)) -> 5.2846038 | U10: =IF(U7="","",U3/U7) | V10: =T49 -> 6.0546271
A11: FD/FAVÖK | B11: =IF(B6="","",IF(B6/Yıllık!B79<0,"",B6/Yıllık!B79)) -> 4.1202112 | C11: =IF(C6="","",IF(C6/Yıllık!C79<0,"",C6/Yıllık!C79)) -> 4.0428894 | D11: =IF(D6="","",IF(D6/Yıllık!D79<0,"",D6/Yıllık!D79)) -> 5.6531909 | E11: =IF(E6="","",IF(E6/Yıllık!E79<0,"",E6/Yıllık!E79)) -> 6.0112293 | F11: =IF(F6="","",IF(F6/Yıllık!F79<0,"",F6/Yıllık!F79)) -> 5.1073333 | G11: =IF(G6="","",IF(G6/Yıllık!G79<0,"",G6/Yıllık!G79)) -> 5.2229114 | H11: =IF(H6="","",IF(H6/Yıllık!H79<0,"",H6/Yıllık!H79)) -> 6.6476885 | I11: =IF(I6="","",IF(I6/Yıllık!I79<0,"",I6/Yıllık!I79)) -> 5.1004044 | ... T11: =IF(T6="","",IF(T6/Yıllık!T79<0,"",T6/Yıllık!T79)) -> 4.1749629 | U11: =IF(U6="","",U6/Bilanço!U150) | V11: =T51 -> 3.9515367
A12: PD/NFK | B12: =IF(B5="","",IF(B5/Yıllık!B20<0,"",B5/Yıllık!B20)) -> 3.7052187 | C12: =IF(C5="","",IF(C5/Yıllık!C20<0,"",C5/Yıllık!C20)) -> 3.4364646 | D12: =IF(D5="","",IF(D5/Yıllık!D20<0,"",D5/Yıllık!D20)) -> 3.2706176 | E12: =IF(E5="","",IF(E5/Yıllık!E20<0,"",E5/Yıllık!E20)) -> 2.4968084 | F12: =IF(F5="","",IF(F5/Yıllık!F20<0,"",F5/Yıllık!F20)) -> 1.7744642 | G12: =IF(G5="","",IF(G5/Yıllık!G20<0,"",G5/Yıllık!G20)) -> 2.039469 | H12: =IF(H5="","",IF(H5/Yıllık!H20<0,"",H5/Yıllık!H20)) -> 3.5974504 | I12: =IF(I5="","",IF(I5/Yıllık!I20<0,"",I5/Yıllık!I20)) -> 1.9239336 | ... T12: =IF(T5="","",IF(T5/Yıllık!T20<0,"",T5/Yıllık!T20)) -> 2.4849186 | U12: =IF(U5="","",U5/Bilanço!U91)
A13: FD/NS | B13: =IF(B6="","",IF(B6/Yıllık!B3<0,"",B6/Yıllık!B3)) -> 0.83569266 | C13: =IF(C6="","",IF(C6/Yıllık!C3<0,"",C6/Yıllık!C3)) -> 0.80575963 | D13: =IF(D6="","",IF(D6/Yıllık!D3<0,"",D6/Yıllık!D3)) -> 1.0352385 | E13: =IF(E6="","",IF(E6/Yıllık!E3<0,"",E6/Yıllık!E3)) -> 1.1163923 | F13: =IF(F6="","",IF(F6/Yıllık!F3<0,"",F6/Yıllık!F3)) -> 0.98839555 | G13: =IF(G6="","",IF(G6/Yıllık!G3<0,"",G6/Yıllık!G3)) -> 1.0225809 | H13: =IF(H6="","",IF(H6/Yıllık!H3<0,"",H6/Yıllık!H3)) -> 1.2741674 | I13: =IF(I6="","",IF(I6/Yıllık!I3<0,"",I6/Yıllık!I3)) -> 0.65769 | ... T13: =IF(T6="","",IF(T6/Yıllık!T3<0,"",T6/Yıllık!T3)) -> 0.74455791 | U13: =IF(U6="","",U6/Bilanço!U74) | V13: =T53 -> 0.73134687
A14: NFK/PD | B14: =IF(B5="","",IF(Yıllık!B20/B5<0,"",Yıllık!B20/B5)) -> 0.2698896 | C14: =IF(C5="","",IF(Yıllık!C20/C5<0,"",Yıllık!C20/C5)) -> 0.29099674 | D14: =IF(D5="","",IF(Yıllık!D20/D5<0,"",Yıllık!D20/D5)) -> 0.30575265 | E14: =IF(E5="","",IF(Yıllık!E20/E5<0,"",Yıllık!E20/E5)) -> 0.40051131 | F14: =IF(F5="","",IF(Yıllık!F20/F5<0,"",Yıllık!F20/F5)) -> 0.5635504 | G14: =IF(G5="","",IF(Yıllık!G20/G5<0,"",Yıllık!G20/G5)) -> 0.49032371 | H14: =IF(H5="","",IF(Yıllık!H20/H5<0,"",Yıllık!H20/H5)) -> 0.27797465 | I14: =IF(I5="","",IF(Yıllık!I20/I5<0,"",Yıllık!I20/I5)) -> 0.51976846 | ... T14: =IF(T5="","",IF(Yıllık!T20/T5<0,"",Yıllık!T20/T5)) -> 0.40242767 | U14: =IF(U5="","",Bilanço!U91/#REF!) | V14: =T54 -> 0.35993468
A16: PD/NS | B16: =B5/B19 -> 0.67529869 | C16: =C5/C19 -> 0.61427336 | D16: =D5/D19 -> 0.53386693 | E16: =E5/E19 -> 0.41789459 | F16: =F5/F19 -> 0.31445852 | G16: =G5/G19 -> 0.36893811 | H16: =H5/H19 -> 0.64135891 | I16: =I5/I19 -> 0.20486703 | ... T16: =T5/T19 -> 0.38796605
A18: Yıllık | B18: =B2 -> 2021/3 | C18: =C2 -> 2021/6 | D18: =D2 -> 2021/9 | E18: =E2 -> 2021/12 | F18: =F2 -> 2022/3 | G18: =G2 -> 2022/6 | H18: =H2 -> 2022/9 | I18: =I2 -> 2022/12 | ... T18: =T2 -> 2025/9
A19: Satış Gelirleri | B19: =IFERROR(VLOOKUP($A19,Yıllık!$A:$S,MATCH(B$18,Yıllık!$A$2:$S$2,0),0),"") -> 10123261000 | C19: =IFERROR(VLOOKUP($A19,Yıllık!$A:$S,MATCH(C$18,Yıllık!$A$2:$S$2,0),0),"") -> 10637687000 | D19: =IFERROR(VLOOKUP($A19,Yıllık!$A:$S,MATCH(D$18,Yıllık!$A$2:$S$2,0),0),"") -> 11157975000 | E19: =IFERROR(VLOOKUP($A19,Yıllık!$A:$S,MATCH(E$18,Yıllık!$A$2:$S$2,0),0),"") -> 12537080000 | F19: =IFERROR(VLOOKUP($A19,Yıllık!$A:$S,MATCH(F$18,Yıllık!$A$2:$S$2,0),0),"") -> 15639341000 | G19: =IFERROR(VLOOKUP($A19,Yıllık!$A:$S,MATCH(G$18,Yıllık!$A$2:$S$2,0),0),"") -> 18971316000 | H19: =IFERROR(VLOOKUP($A19,Yıllık!$A:$S,MATCH(H$18,Yıllık!$A$2:$S$2,0),0),"") -> 23297003000 | I19: =IFERROR(VLOOKUP($A19,Yıllık!$A:$S,MATCH(I$18,Yıllık!$A$2:$S$2,0),0),"") -> 51981208000 | ... R19: =IFERROR(VLOOKUP($A19,Yıllık!$A:$S,MATCH(R$18,Yıllık!$A$2:$S$2,0),0),"") -> 105376333375 | S19: =IFERROR(VLOOKUP($A19,Yıllık!$A:$T,MATCH(S$18,Yıllık!$A$2:$T$2,0),0),"") -> 107752528375 | T19: =IFERROR(VLOOKUP($A19,Yıllık!$A:$T,MATCH(T$18,Yıllık!$A$2:$T$2,0),0),"") -> 109079207375
A20: FAVÖK | B20: =IFERROR(VLOOKUP($A20,Yıllık!$A:$S,MATCH(B$18,Yıllık!$A$2:$S$2,0),0),"") -> 2053277000 | C20: =IFERROR(VLOOKUP($A20,Yıllık!$A:$S,MATCH(C$18,Yıllık!$A$2:$S$2,0),0),"") -> 2120122000 | D20: =IFERROR(VLOOKUP($A20,Yıllık!$A:$S,MATCH(D$18,Yıllık!$A$2:$S$2,0),0),"") -> 2043300000 | E20: =IFERROR(VLOOKUP($A20,Yıllık!$A:$S,MATCH(E$18,Yıllık!$A$2:$S$2,0),0),"") -> 2328359000 | F20: =IFERROR(VLOOKUP($A20,Yıllık!$A:$S,MATCH(F$18,Yıllık!$A$2:$S$2,0),0),"") -> 3026600000 | G20: =IFERROR(VLOOKUP($A20,Yıllık!$A:$S,MATCH(G$18,Yıllık!$A$2:$S$2,0),0),"") -> 3714347000 | H20: =IFERROR(VLOOKUP($A20,Yıllık!$A:$S,MATCH(H$18,Yıllık!$A$2:$S$2,0),0),"") -> 4465354000 | I20: =IFERROR(VLOOKUP($A20,Yıllık!$A:$S,MATCH(I$18,Yıllık!$A$2:$S$2,0),0),"") -> 6702904000 | ... R20: =IFERROR(VLOOKUP($A20,Yıllık!$A:$S,MATCH(R$18,Yıllık!$A$2:$S$2,0),0),"") -> 19463876075 | S20: =IFERROR(VLOOKUP($A20,Yıllık!$A:$T,MATCH(S$18,Yıllık!$A$2:$T$2,0),0),"") -> 18866035075 | T20: =IFERROR(VLOOKUP($A20,Yıllık!$A:$T,MATCH(T$18,Yıllık!$A$2:$T$2,0),0),"") -> 19453056075
A21: Ana Ortaklık Payları | B21: =IFERROR(VLOOKUP($A21,Yıllık!$A:$S,MATCH(B$18,Yıllık!$A$2:$S$2,0),0),"") -> 1610833000 | C21: =IFERROR(VLOOKUP($A21,Yıllık!$A:$S,MATCH(C$18,Yıllık!$A$2:$S$2,0),0),"") -> 1327440000 | D21: =IFERROR(VLOOKUP($A21,Yıllık!$A:$S,MATCH(D$18,Yıllık!$A$2:$S$2,0),0),"") -> 1054515000 | E21: =IFERROR(VLOOKUP($A21,Yıllık!$A:$S,MATCH(E$18,Yıllık!$A$2:$S$2,0),0),"") -> -464332000 | F21: =IFERROR(VLOOKUP($A21,Yıllık!$A:$S,MATCH(F$18,Yıllık!$A$2:$S$2,0),0),"") -> -1366184000 | G21: =IFERROR(VLOOKUP($A21,Yıllık!$A:$S,MATCH(G$18,Yıllık!$A$2:$S$2,0),0),"") -> -2235869000 | H21: =IFERROR(VLOOKUP($A21,Yıllık!$A:$S,MATCH(H$18,Yıllık!$A$2:$S$2,0),0),"") -> -2455404000 | I21: =IFERROR(VLOOKUP($A21,Yıllık!$A:$S,MATCH(I$18,Yıllık!$A$2:$S$2,0),0),"") -> 984793000 | ... R21: =IFERROR(VLOOKUP($A21,Yıllık!$A:$S,MATCH(R$18,Yıllık!$A$2:$S$2,0),0),"") -> 8702673224 | S21: =IFERROR(VLOOKUP($A21,Yıllık!$A:$T,MATCH(S$18,Yıllık!$A$2:$T$2,0),0),"") -> 7687344224 | T21: =IFERROR(VLOOKUP($A21,Yıllık!$A:$T,MATCH(T$18,Yıllık!$A$2:$T$2,0),0),"") -> 8007985224
A23: Çeyreklik
A24: Satış Gelirleri | B24: =IFERROR(VLOOKUP($A24,Çeyreklik!$A:$V,MATCH(B$18,Çeyreklik!$A$2:$V$2,0),0),"") -> 2783757000 | C24: =IFERROR(VLOOKUP($A24,Çeyreklik!$A:$V,MATCH(C$18,Çeyreklik!$A$2:$V$2,0),0),"") -> 2659067000 | D24: =IFERROR(VLOOKUP($A24,Çeyreklik!$A:$V,MATCH(D$18,Çeyreklik!$A$2:$V$2,0),0),"") -> 2976133000 | E24: =IFERROR(VLOOKUP($A24,Çeyreklik!$A:$V,MATCH(E$18,Çeyreklik!$A$2:$V$2,0),0),"") -> 4118123000 | F24: =IFERROR(VLOOKUP($A24,Çeyreklik!$A:$V,MATCH(F$18,Çeyreklik!$A$2:$V$2,0),0),"") -> 5886018000 | G24: =IFERROR(VLOOKUP($A24,Çeyreklik!$A:$V,MATCH(G$18,Çeyreklik!$A$2:$V$2,0),0),"") -> 5991042000 | H24: =IFERROR(VLOOKUP($A24,Çeyreklik!$A:$V,MATCH(H$18,Çeyreklik!$A$2:$V$2,0),0),"") -> 7301820000 | I24: =IFERROR(VLOOKUP($A24,Çeyreklik!$A:$V,MATCH(I$18,Çeyreklik!$A$2:$V$2,0),0),"") -> 32802328000 | ... R24: =IFERROR(VLOOKUP($A24,Çeyreklik!$A:$V,MATCH(R$18,Çeyreklik!$A$2:$V$2,0),0),"") -> 26962317000 | S24: =IFERROR(VLOOKUP($A24,Çeyreklik!$A:$W,MATCH(S$18,Çeyreklik!$A$2:$W$2,0),0),"") -> 24677236000 | T24: =IFERROR(VLOOKUP($A24,Çeyreklik!$A:$W,MATCH(T$18,Çeyreklik!$A$2:$W$2,0),0),"") -> 29286362000
A25: FAVÖK | B25: =IFERROR(VLOOKUP($A25,Çeyreklik!$A:$V,MATCH(B$18,Çeyreklik!$A$2:$V$2,0),0),"") -> 546384000 | C25: =IFERROR(VLOOKUP($A25,Çeyreklik!$A:$V,MATCH(C$18,Çeyreklik!$A$2:$V$2,0),0),"") -> 446624000 | D25: =IFERROR(VLOOKUP($A25,Çeyreklik!$A:$V,MATCH(D$18,Çeyreklik!$A$2:$V$2,0),0),"") -> 502743000 | E25: =IFERROR(VLOOKUP($A25,Çeyreklik!$A:$V,MATCH(E$18,Çeyreklik!$A$2:$V$2,0),0),"") -> 832608000 | F25: =IFERROR(VLOOKUP($A25,Çeyreklik!$A:$V,MATCH(F$18,Çeyreklik!$A$2:$V$2,0),0),"") -> 1244625000 | G25: =IFERROR(VLOOKUP($A25,Çeyreklik!$A:$V,MATCH(G$18,Çeyreklik!$A$2:$V$2,0),0),"") -> 1134371000 | H25: =IFERROR(VLOOKUP($A25,Çeyreklik!$A:$V,MATCH(H$18,Çeyreklik!$A$2:$V$2,0),0),"") -> 1253750000 | I25: =IFERROR(VLOOKUP($A25,Çeyreklik!$A:$V,MATCH(I$18,Çeyreklik!$A$2:$V$2,0),0),"") -> 3070158000 | ... R25: =IFERROR(VLOOKUP($A25,Çeyreklik!$A:$V,MATCH(R$18,Çeyreklik!$A$2:$V$2,0),0),"") -> 5484460000 | S25: =IFERROR(VLOOKUP($A25,Çeyreklik!$A:$W,MATCH(S$18,Çeyreklik!$A$2:$W$2,0),0),"") -> 3701265000 | T25: =IFERROR(VLOOKUP($A25,Çeyreklik!$A:$W,MATCH(T$18,Çeyreklik!$A$2:$W$2,0),0),"") -> 5196782000
A26: Ana Ortaklık Payları | B26: =IFERROR(VLOOKUP($A26,Çeyreklik!$A:$V,MATCH(B$18,Çeyreklik!$A$2:$V$2,0),0),"") -> 431147000 | C26: =IFERROR(VLOOKUP($A26,Çeyreklik!$A:$V,MATCH(C$18,Çeyreklik!$A$2:$V$2,0),0),"") -> 221050000 | D26: =IFERROR(VLOOKUP($A26,Çeyreklik!$A:$V,MATCH(D$18,Çeyreklik!$A$2:$V$2,0),0),"") -> 2457000 | E26: =IFERROR(VLOOKUP($A26,Çeyreklik!$A:$V,MATCH(E$18,Çeyreklik!$A$2:$V$2,0),0),"") -> -1118986000 | F26: =IFERROR(VLOOKUP($A26,Çeyreklik!$A:$V,MATCH(F$18,Çeyreklik!$A$2:$V$2,0),0),"") -> -470705000 | G26: =IFERROR(VLOOKUP($A26,Çeyreklik!$A:$V,MATCH(G$18,Çeyreklik!$A$2:$V$2,0),0),"") -> -648635000 | H26: =IFERROR(VLOOKUP($A26,Çeyreklik!$A:$V,MATCH(H$18,Çeyreklik!$A$2:$V$2,0),0),"") -> -217078000 | I26: =IFERROR(VLOOKUP($A26,Çeyreklik!$A:$V,MATCH(I$18,Çeyreklik!$A$2:$V$2,0),0),"") -> 2321211000 | ... R26: =IFERROR(VLOOKUP($A26,Çeyreklik!$A:$V,MATCH(R$18,Çeyreklik!$A$2:$V$2,0),0),"") -> 2413368000 | S26: =IFERROR(VLOOKUP($A26,Çeyreklik!$A:$W,MATCH(S$18,Çeyreklik!$A$2:$W$2,0),0),"") -> 866545000 | T26: =IFERROR(VLOOKUP($A26,Çeyreklik!$A:$W,MATCH(T$18,Çeyreklik!$A$2:$W$2,0),0),"") -> 1313603000
A28: Ana Ortaklığa Ait Özkaynaklar | B28: =IFERROR(VLOOKUP($A28,Bilanço!$A:$W,MATCH(B$18,Bilanço!$A$2:$W$2,0),0),"") -> 6266620000 | C28: =IFERROR(VLOOKUP($A28,Bilanço!$A:$W,MATCH(C$18,Bilanço!$A$2:$W$2,0),0),"") -> 6232316000 | D28: =IFERROR(VLOOKUP($A28,Bilanço!$A:$W,MATCH(D$18,Bilanço!$A$2:$W$2,0),0),"") -> 2800809000 | E28: =IFERROR(VLOOKUP($A28,Bilanço!$A:$W,MATCH(E$18,Bilanço!$A$2:$W$2,0),0),"") -> 2986714000 | F28: =IFERROR(VLOOKUP($A28,Bilanço!$A:$W,MATCH(F$18,Bilanço!$A$2:$W$2,0),0),"") -> 2588162000 | G28: =IFERROR(VLOOKUP($A28,Bilanço!$A:$W,MATCH(G$18,Bilanço!$A$2:$W$2,0),0),"") -> 2516873000 | H28: =IFERROR(VLOOKUP($A28,Bilanço!$A:$W,MATCH(H$18,Bilanço!$A$2:$W$2,0),0),"") -> 2734275000 | I28: =IFERROR(VLOOKUP($A28,Bilanço!$A:$W,MATCH(I$18,Bilanço!$A$2:$W$2,0),0),"") -> 12035858000 | ... R28: =IFERROR(VLOOKUP($A28,Bilanço!$A:$W,MATCH(R$18,Bilanço!$A$2:$W$2,0),0),"") -> 36650682000 | S28: =IFERROR(VLOOKUP($A28,Bilanço!$A:$X,MATCH(S$18,Bilanço!$A$2:$X$2,0),0),"") -> 36116656000 | T28: =IFERROR(VLOOKUP($A28,Bilanço!$A:$X,MATCH(T$18,Bilanço!$A$2:$X$2,0),0),"") -> 40151407000
A29: Net Borç | B29: =IFERROR((Bilanço!F34+Bilanço!F35+Bilanço!F48)-(Bilanço!F4+Bilanço!F5),"") -> 1623710000 | C29: =IFERROR((Bilanço!G34+Bilanço!G35+Bilanço!G48)-(Bilanço!G4+Bilanço!G5),"") -> 2036971000 | D29: =IFERROR((Bilanço!H34+Bilanço!H35+Bilanço!H48)-(Bilanço!H4+Bilanço!H5),"") -> 5594291000 | E29: =IFERROR((Bilanço!I34+Bilanço!I35+Bilanço!I48)-(Bilanço!I4+Bilanço!I5),"") -> 8757122000 | F29: =IFERROR((Bilanço!J34+Bilanço!J35+Bilanço!J48)-(Bilanço!J4+Bilanço!J5),"") -> 10539931000 | G29: =IFERROR((Bilanço!K34+Bilanço!K35+Bilanço!K48)-(Bilanço!K4+Bilanço!K5),"") -> 12400464000 | H29: =IFERROR((Bilanço!L34+Bilanço!L35+Bilanço!L48)-(Bilanço!L4+Bilanço!L5),"") -> 14742542000 | I29: =IFERROR((Bilanço!M34+Bilanço!M35+Bilanço!M48)-(Bilanço!M4+Bilanço!M5),"") -> 23538285000 | ... T29: =IFERROR((Bilanço!X34+Bilanço!X35+Bilanço!X48)-(Bilanço!X4+Bilanço!X5),"") -> 38896758000
A30: Özsermaye Karlılığı | B30: =B21/B28 -> 0.25704973 | C30: =C21/C28 -> 0.21299305 | D30: =D21/D28 -> 0.37650372 | E30: =E21/E28 -> -0.15546584 | F30: =F21/F28 -> -0.52785877 | G30: =G21/G28 -> -0.88835194 | H30: =H21/H28 -> -0.89800916 | I30: =I21/I28 -> 0.081821587 | ... T30: =T21/T28 -> 0.1994447
A32: Net Borç/FAVÖK | B32: =B29/B20 -> 0.79078955 | C32: =C29/C20 -> 0.96078009 | D32: =D29/D20 -> 2.7378706 | E32: =E29/E20 -> 3.7610704 | F32: =F29/F20 -> 3.4824328 | G32: =G29/G20 -> 3.3385314 | H32: =H29/H20 -> 3.3015394 | I32: =I29/I20 -> 3.5116548 | ... T32: =T29/T20 -> 1.9995191
A34: Yıllık Satışlardaki Payları | B34: =B24/$E19 -> 0.22204189 | C34: =C24/$E19 -> 0.2120962 | D34: =D24/$E19 -> 0.23738646 | E34: =E24/$E19 -> 0.32847545 | F34: =F24/$I19 -> 0.11323357 | G34: =G24/$I19 -> 0.115254 | H34: =H24/$I19 -> 0.14047038 | I34: =I24/$I19 -> 0.63104205 | J34: =J24/$M19 -> 0.23326569 | K34: =K24/$M19 -> 0.24232822 | L34: =L24/$M19 -> 0.22091779 | M34: =M24/$M19 -> 0.3034883 | N34: =N24/$Q19 -> 0.25662404 | O34: =O24/$Q19 -> 0.21141702 | P34: =P24/$Q19 -> 0.26506175 | Q34: =Q24/$Q19 -> 0.26689719
A35: Yıllık FAVÖKdeki Payları | B35: =B25/$E20 -> 0.23466484 | C35: =C25/$E20 -> 0.19181922 | D35: =D25/$E20 -> 0.2159216 | E35: =E25/$E20 -> 0.35759434 | F35: =F25/$I20 -> 0.18568444 | G35: =G25/$I20 -> 0.16923575 | H35: =H25/$I20 -> 0.18704579 | I35: =I25/$I20 -> 0.45803401 | J35: =J25/$M20 -> 0.2510289 | K35: =K25/$M20 -> 0.22366823 | L35: =L25/$M20 -> 0.24415644 | M35: =M25/$M20 -> 0.28114644 | N35: =N25/$Q20 -> 0.28537688 | O35: =O25/$Q20 -> 0.21976887 | P35: =P25/$Q20 -> 0.23564946 | Q35: =Q25/$Q20 -> 0.25920479
A36: Yıllık Net Kardaki Payları | B36: =B26/$E21 -> -0.92853174 | C36: =C26/$E21 -> -0.47606023 | D36: =D26/$E21 -> -0.0052914725 | E36: =E26/$E21 -> 2.4098834 | F36: =F26/$I21 -> -0.47797354 | G36: =G26/$I21 -> -0.65865111 | H36: =H26/$I21 -> -0.22043008 | I36: =I26/$I21 -> 2.3570547 | J36: =J26/$M21 -> 0.49461738 | K36: =K26/$M21 -> -0.50766678 | L36: =L26/$M21 -> 0.62569975 | M36: =M26/$M21 -> 0.38734966 | N36: =N26/$Q21 -> 0.32245124 | O36: =O26/$Q21 -> 0.20273486 | P36: =P26/$Q21 -> 0.1069721 | Q36: =Q26/$Q21 -> 0.36784181
A38: FAVÖK Marjı | B38: =B20/B19 -> 0.20282763 | C38: =C20/C19 -> 0.19930291 | D38: =D20/D19 -> 0.18312463 | E38: =E20/E19 -> 0.18571781 | F38: =F20/F19 -> 0.19352478 | G38: =G20/G19 -> 0.19578752 | H38: =H20/H19 -> 0.19167075 | I38: =I20/I19 -> 0.1289486 | ... T38: =T20/T19 -> 0.17833881
A39: Net Kar Marjı | B39: =B21/B19 -> 0.15912195 | C39: =C21/C19 -> 0.12478653 | D39: =D21/D19 -> 0.09450774 | E39: =E21/E19 -> -0.037036694 | F39: =F21/F19 -> -0.087355599 | G39: =G21/G19 -> -0.11785524 | H39: =H21/H19 -> -0.1053957 | I39: =I21/I19 -> 0.018945173 | ... T39: =T21/T19 -> 0.073414406
H41: Gerçekleşen Veriler
A42: Ciro | B42: Q1 | C42: Q2 | D42: Q3 | E42: Q4 | H42: Q1 | I42: Q2 | J42: Q3 | K42: Q4 | L42: Total | M42: Büyüme
A43: Ortalama | B43: =AVERAGE(B34,F34,J34,N34) -> 0.2062913 | C43: =AVERAGE(C34,G34,K34,O34) -> 0.19527386 | D43: =AVERAGE(D34,H34,L34,P34) -> 0.21595909 | E43: =AVERAGE(E34,I34,M34,Q34) -> 0.38247575 | G43: Satış Gelirleri | H43: =N24 -> 27069643000 | I43: =O24 -> 22301041000 | J43: =P24 -> 27959683000 | K43: =Q24 -> 28153292375 | L43: =SUM(H43:K43) -> 105483659375 | M43: =(L43/M19)-1 -> 0.30847808 | P43: FK'ya Göre Tahminler | R43: PD/NS'ye Göre Tahminler | T43: Fiyat Tahmini
A44: STD | B44: =_xlfn.STDEV.S(B34,F34,J34,N34) -> 0.06368889 | C44: =_xlfn.STDEV.S(C34,G34,K34,O34) -> 0.055259642 | D44: =_xlfn.STDEV.S(D34,H34,L34,P34) -> 0.053520517 | E44: =_xlfn.STDEV.S(E34,I34,M34,Q34) -> 0.16762921 | G44: Net Kar | H44: =N26 -> 2993134000 | I44: =O26 -> 1881874000 | J44: =P26 -> 992962000 | K44: =Q26 -> 3414469224 | L44: =SUM(H44:K44) -> 9282439224 | M44: =(L44/M21)-1 -> 0.90276967 | P44: HBK | Q44: =L53/T4 -> 25.891361 | R44: HSBNS | S44: =L52/T4 -> 346.09112 | T44: Tahmini Fiyat | U44: =(Q46+Q52+Q59+S46)/4 -> 156.76253
A45: Medyan | B45: =MEDIAN(B34,F34,J34,N34) -> 0.22765379 | C45: =MEDIAN(C34,G34,K34,O34) -> 0.21175661 | D45: =MEDIAN(D34,H34,L34,P34) -> 0.22915213 | E45: =MEDIAN(E34,I34,M34,Q34) -> 0.31598187 | G45: Özkaynaklar | H45: =N28 -> 21407330000 | I45: =O28 -> 24127966000 | J45: =P28 -> 27015414000 | K45: =Q28 -> 39237845709 | L45: =K45 -> 39237845709 | M45: =(L45/M28)-1 -> 0.51223444 | P45: F/K Ortalaması | Q45: =MEDIAN(K10:T10) -> 5.226643 | R45: PD/NS Ortalaması | S45: =AVERAGE(K16:T16) -> 0.42167713 | T45: Şuanki Fiyat | U45: =T3 -> 114.6
G46: FAVÖK | H46: =N25 -> 5582526000 | I46: =O25 -> 4299106000 | J46: =P25 -> 4609761000 | K46: =Q25 -> 5070549075 | L46: =SUM(H46:K46) -> 19561942075 | M46: =(L46/M20)-1 -> 0.2781407 | P46: Tahmini Fiyat | Q46: =Q44*Q45 -> 135.3249 | R46: Tahmini Fiyat | S46: =S44*S45 -> 145.93871 | T46: İskonto | U46: =U44/U45-1 -> 0.36791045
A47: Favök | G47: Net Borç | H47: =N29 -> 21647301000 | I47: =O29 -> 21016720000 | J47: =P29 -> 24205448000 | K47: =Q29 -> 27212926176 | L47: =K47 -> 27212926176 | M47: =(L47/M29-1) -> -0.0028304998
A48: Ortalama | B48: =AVERAGE(B35,F35,J35,N35) -> 0.23918877 | C48: =AVERAGE(C35,G35,K35,O35) -> 0.20112302 | D48: =AVERAGE(D35,H35,L35,P35) -> 0.22069332 | E48: =AVERAGE(E35,I35,M35,Q35) -> 0.3389949 | P48: PD/DD'ye Göre Tahminler
A49: STD | B49: =_xlfn.STDEV.S(B35,F35,J35,N35) -> 0.041459655 | C49: =_xlfn.STDEV.S(C35,G35,K35,O35) -> 0.025555905 | D49: =_xlfn.STDEV.S(D35,H35,L35,P35) -> 0.025358293 | E49: =_xlfn.STDEV.S(E35,I35,M35,Q35) -> 0.08986871 | P49: Özsermaye | Q49: =L54 -> 4.8798904e+10 | S49: Tahmini Fk | T49: =(U44*S4)/L53 -> 6.0546271 | U49: =S10 -> 5.0198535
A50: Medyan | B50: =MEDIAN(B35,F35,J35,N35) -> 0.24284687 | C50: =MEDIAN(C35,G35,K35,O35) -> 0.20579405 | D50: =MEDIAN(D35,H35,L35,P35) -> 0.22578553 | E50: =MEDIAN(E35,I35,M35,Q35) -> 0.31937039 | H50: Tahmini Veriler - 2024 | P50: PD/DD Ortalaması | Q50: =MEDIAN(K9:T9) -> 1.4320367 | S50: Tahmini PD/DD | T50: =(U44*S4)/L54 -> 1.1862693 | U50: =S9 -> 1.0684639
H51: Q1 | I51: Q2 | J51: Q3 | K51: Q4 | L51: Total | M51: Büyüme | N51: Marj | P51: Ödenmiş Sermaye | Q51: =T4 -> 369276000 | S51: Tahmini FD/FAVÖK | T51: =((U44*S4)+L56)/L55 -> 3.9515367 | U51: =S11 -> 4.0538182
A52: Net Kar | G52: Satış Gelirleri | H52: =R24 -> 26962317000 | I52: =S24 -> 24677236000 | J52: =T24 -> 29286362000 | L52: =J52/D45 -> 1.2780314e+11 | M52: =(L52/L43-1) -> 0.21159186 | P52: Tahmini Fiyat | Q52: =(Q49*Q50)/Q51 -> 189.24009 | S52: Tahmini PD/NS | T52: =(U44*S4)/L52 -> 0.45295163
A53: Ortalama | B53: =AVERAGE(B36,F36,J36,N36) -> -0.14735917 | C53: =AVERAGE(C36,G36,K36,O36) -> -0.35991082 | D53: =AVERAGE(D36,H36,L36,P36) -> 0.12673757 | E53: =AVERAGE(E36,I36,M36,Q36) -> 1.3805324 | G53: Net Kar | H53: =R26 -> 2413368000 | I53: =S26 -> 866545000 | J53: =T26 -> 1313603000 | L53: =L52*B63 -> 9.5610581e+09 | M53: =(L53/L44-1) -> 0.0300157 | N53: =L53/L52 -> 0.074810821 | S53: Tahmini FD/NS | T53: =((U44*S4)+L56)/L52 -> 0.73134687 | U53: =S13 -> 0.70976967
A54: STD | B54: =_xlfn.STDEV.S(B36,F36,J36,N36) -> 0.67141447 | C54: =_xlfn.STDEV.S(C36,G36,K36,O36) -> 0.38346596 | D54: =_xlfn.STDEV.S(D36,H36,L36,P36) -> 0.35930997 | E54: =_xlfn.STDEV.S(E36,I36,M36,Q36) -> 1.1583197 | G54: Özkaynaklar | H54: =R28 -> 36650682000 | I54: =S28 -> 36116656000 | J54: =T28 -> 40151407000 | L54: =L45+L53 -> 4.8798904e+10 | P54: FD/FAVÖK'e Göre Tahminler | S54: Tahmini NFK/PD | T54: =L60/(U44*S4) -> 0.35993468
A55: Medyan | B55: =MEDIAN(B36,F36,J36,N36) -> -0.077761154 | C55: =MEDIAN(C36,G36,K36,O36) -> -0.49186351 | D55: =MEDIAN(D36,H36,L36,P36) -> 0.050840313 | E55: =MEDIAN(E36,I36,M36,Q36) -> 1.3722022 | G55: FAVÖK | H55: =R25 -> 5484460000 | I55: =S25 -> 3701265000 | J55: =T25 -> 5196782000 | L55: =L52*B67 -> 2.3653691e+10 | M55: =(L55/L46-1) -> 0.20916886 | N55: =(L55/L52) -> 0.1850791 | P55: FD/FAVOK ort. | Q55: =MEDIAN(K11:T11) -> 3.9481631
G56: Net Borç | H56: =R29 -> 31478464000 | I56: =S29 -> 37890135000 | J56: =T29 -> 38896758000 | L56: =L55*B59 -> 3.5579788e+10 | M56: =(L56/L47-1) -> 0.30745909 | P56: Beklenen FD | Q56: =L55*Q55 -> 9.3388631e+10
P57: Beklenen PD | Q57: =Q56-L56 -> 5.7808844e+10
A58: Ortalama Net Borç/FAVÖK | B58: =AVERAGE(K32:T32) -> 1.55845 | P58: Ödenmiş Sermaye | Q58: =T4 -> 369276000
A59: Medyan Net Borç/FAVÖK | B59: =MEDIAN(K32:T32) -> 1.504196 | G59: Ort amortisman/Favök | H59: =AVERAGE(Yıllık!L83:S83) -> 0.11911721 | P59: Tahmini Fiyat | Q59: =Q57/Q58 -> 156.54644
A60: STD Net Borç/FAVÖK | B60: =_xlfn.STDEV.S(K32:T32) -> 0.30813691 | G60: Tahmini Faliyet Karı | L60: =L55-(L55*H59) -> 2.083613e+10
A62: Ortalama Net kar marjı | B62: =AVERAGE(M39:T39) -> 0.077574765
A63: Medyan Net Kar marjı | B63: =MEDIAN(M39:T39) -> 0.074810821
A64: STD Net Kar marjı | B64: =_xlfn.STDEV.S(M39:T39) -> 0.015198121
A66: Ortalama FAVÖK marjı | B66: =AVERAGE(M38:T38) -> 0.18567418
A67: Medyan FAVÖK marjı | B67: =MEDIAN(M38:T38) -> 0.1850791
A68: STD FAVÖK marjı | B68: =_xlfn.STDEV.S(M38:T38) -> 0.0067639796

Sheet Sayfa1
A1: 44287 | B1: 18.512508
A2: 44378 | B2: 17.695295
A3: 44470 | B3: 16.131224
A4: 44562 | B4: 14.187702
A5: 44652 | B5: 13.317746
A6: 44743 | B6: 18.953957
A7: 44835 | B7: 40.462257
A8: 44927 | B8: 28.838148
A9: 45017 | B9: 31.947783
A10: 45108 | B10: 86.903152
A11: 45200 | B11: 75.751038
A12: 45292 | B12: 96.620758
... A19: 45931 | B19: 114.6
